title,year,duration,rating,movie_url,genre,user-agent
The Shawshank Redemption ,1994,2h 22min,9.3,https://www.imdb.com/title/tt0111161/?ref_=adv_li_tt,Drama,"Mozilla/5.0 (Macintosh; Intel Mac OS X 10_11_2) AppleWebKit/601.3.9 (KHTML, like Gecko) Version/9.0.2 Safari/601.3.9"
Grave of the Fireflies ,1988,1h 29min,8.5,https://www.imdb.com/title/tt0095327/?ref_=adv_li_tt,Animation,"Mozilla/5.0 (Macintosh; Intel Mac OS X 10_11_2) AppleWebKit/601.3.9 (KHTML, like Gecko) Version/9.0.2 Safari/601.3.9"
Back to the Future ,1985,1h 56min,8.5,https://www.imdb.com/title/tt0088763/?ref_=adv_li_tt,Adventure,"Mozilla/5.0 (Macintosh; Intel Mac OS X 10_11_2) AppleWebKit/601.3.9 (KHTML, like Gecko) Version/9.0.2 Safari/601.3.9"
Terminator 2: Judgment Day ,1991,2h 17min,8.5,https://www.imdb.com/title/tt0103064/?ref_=adv_li_tt,Action,"Mozilla/5.0 (Macintosh; Intel Mac OS X 10_11_2) AppleWebKit/601.3.9 (KHTML, like Gecko) Version/9.0.2 Safari/601.3.9"
Once Upon a Time in the West ,1968,2h 45min,8.5,https://www.imdb.com/title/tt0064116/?ref_=adv_li_tt,Western,"Mozilla/5.0 (Macintosh; Intel Mac OS X 10_11_2) AppleWebKit/601.3.9 (KHTML, like Gecko) Version/9.0.2 Safari/601.3.9"
Cinema Paradiso ,1988,2h 35min,8.5,https://www.imdb.com/title/tt0095765/?ref_=adv_li_tt,Drama,"Mozilla/5.0 (Macintosh; Intel Mac OS X 10_11_2) AppleWebKit/601.3.9 (KHTML, like Gecko) Version/9.0.2 Safari/601.3.9"
Léon: The Professional ,1994,1h 50min,8.5,https://www.imdb.com/title/tt0110413/?ref_=adv_li_tt,Action,"Mozilla/5.0 (Macintosh; Intel Mac OS X 10_11_2) AppleWebKit/601.3.9 (KHTML, like Gecko) Version/9.0.2 Safari/601.3.9"
The Lion King ,1994,1h 28min,8.5,https://www.imdb.com/title/tt0110357/?ref_=adv_li_tt,Animation,"Mozilla/5.0 (Macintosh; Intel Mac OS X 10_11_2) AppleWebKit/601.3.9 (KHTML, like Gecko) Version/9.0.2 Safari/601.3.9"
The Usual Suspects ,1995,1h 46min,8.5,https://www.imdb.com/title/tt0114814/?ref_=adv_li_tt,Crime,"Mozilla/5.0 (Macintosh; Intel Mac OS X 10_11_2) AppleWebKit/601.3.9 (KHTML, like Gecko) Version/9.0.2 Safari/601.3.9"
American History X ,1998,1h 59min,8.5,https://www.imdb.com/title/tt0120586/?ref_=adv_li_tt,Drama,"Mozilla/5.0 (Macintosh; Intel Mac OS X 10_11_2) AppleWebKit/601.3.9 (KHTML, like Gecko) Version/9.0.2 Safari/601.3.9"
Gladiator ,2000,2h 35min,8.5,https://www.imdb.com/title/tt0172495/?ref_=adv_li_tt,Action,"Mozilla/5.0 (Macintosh; Intel Mac OS X 10_11_2) AppleWebKit/601.3.9 (KHTML, like Gecko) Version/9.0.2 Safari/601.3.9"
The Pianist ,2002,2h 30min,8.5,https://www.imdb.com/title/tt0253474/?ref_=adv_li_tt,Biography,"Mozilla/5.0 (Macintosh; Intel Mac OS X 10_11_2) AppleWebKit/601.3.9 (KHTML, like Gecko) Version/9.0.2 Safari/601.3.9"
The Intouchables ,2011,1h 52min,8.5,https://www.imdb.com/title/tt1675434/?ref_=adv_li_tt,Biography,"Mozilla/5.0 (Macintosh; Intel Mac OS X 10_11_2) AppleWebKit/601.3.9 (KHTML, like Gecko) Version/9.0.2 Safari/601.3.9"
The Departed ,2006,2h 31min,8.5,https://www.imdb.com/title/tt0407887/?ref_=adv_li_tt,Crime,"Mozilla/5.0 (Macintosh; Intel Mac OS X 10_11_2) AppleWebKit/601.3.9 (KHTML, like Gecko) Version/9.0.2 Safari/601.3.9"
The Prestige ,2006,2h 10min,8.5,https://www.imdb.com/title/tt0482571/?ref_=adv_li_tt,Drama,"Mozilla/5.0 (Macintosh; Intel Mac OS X 10_11_2) AppleWebKit/601.3.9 (KHTML, like Gecko) Version/9.0.2 Safari/601.3.9"
Whiplash ,2014,1h 46min,8.5,https://www.imdb.com/title/tt2582802/?ref_=adv_li_tt,Drama,"Mozilla/5.0 (Macintosh; Intel Mac OS X 10_11_2) AppleWebKit/601.3.9 (KHTML, like Gecko) Version/9.0.2 Safari/601.3.9"
Full Metal Jacket ,1987,1h 56min,8.3,https://www.imdb.com/title/tt0093058/?ref_=adv_li_tt,Drama,"Mozilla/5.0 (Macintosh; Intel Mac OS X 10_11_2) AppleWebKit/601.3.9 (KHTML, like Gecko) Version/9.0.2 Safari/601.3.9"
Reservoir Dogs ,1992,1h 39min,8.3,https://www.imdb.com/title/tt0105236/?ref_=adv_li_tt,Crime,"Mozilla/5.0 (Macintosh; Intel Mac OS X 10_11_2) AppleWebKit/601.3.9 (KHTML, like Gecko) Version/9.0.2 Safari/601.3.9"
Come and See ,1985,2h 22min,8.3,https://www.imdb.com/title/tt0091251/?ref_=adv_li_tt,Drama,"Mozilla/5.0 (Macintosh; Intel Mac OS X 10_11_2) AppleWebKit/601.3.9 (KHTML, like Gecko) Version/9.0.2 Safari/601.3.9"
Braveheart ,1995,2h 58min,8.3,https://www.imdb.com/title/tt0112573/?ref_=adv_li_tt,Biography,"Mozilla/5.0 (Macintosh; Intel Mac OS X 10_11_2) AppleWebKit/601.3.9 (KHTML, like Gecko) Version/9.0.2 Safari/601.3.9"
Toy Story ,1995,1h 21min,8.3,https://www.imdb.com/title/tt0114709/?ref_=adv_li_tt,Animation,"Mozilla/5.0 (Macintosh; Intel Mac OS X 10_11_2) AppleWebKit/601.3.9 (KHTML, like Gecko) Version/9.0.2 Safari/601.3.9"
Good Will Hunting ,1997,2h 6min,8.3,https://www.imdb.com/title/tt0119217/?ref_=adv_li_tt,Drama,"Mozilla/5.0 (Macintosh; Intel Mac OS X 10_11_2) AppleWebKit/601.3.9 (KHTML, like Gecko) Version/9.0.2 Safari/601.3.9"
The Bandit ,1996,2h 8min,8.3,https://www.imdb.com/title/tt0116231/?ref_=adv_li_tt,Crime,"Mozilla/5.0 (Macintosh; Intel Mac OS X 10_11_2) AppleWebKit/601.3.9 (KHTML, like Gecko) Version/9.0.2 Safari/601.3.9"
Children of Heaven ,1997,1h 29min,8.3,https://www.imdb.com/title/tt0118849/?ref_=adv_li_tt,Drama,"Mozilla/5.0 (Macintosh; Intel Mac OS X 10_11_2) AppleWebKit/601.3.9 (KHTML, like Gecko) Version/9.0.2 Safari/601.3.9"
Avengers: Infinity War ,2018,2h 29min,8.5,https://www.imdb.com/title/tt4154756/?ref_=adv_li_tt,Action,"Mozilla/5.0 (Macintosh; Intel Mac OS X 10_11_2) AppleWebKit/601.3.9 (KHTML, like Gecko) Version/9.0.2 Safari/601.3.9"
American Beauty ,1999,2h 2min,8.3,https://www.imdb.com/title/tt0169547/?ref_=adv_li_tt,Drama,"Mozilla/5.0 (Macintosh; Intel Mac OS X 10_11_2) AppleWebKit/601.3.9 (KHTML, like Gecko) Version/9.0.2 Safari/601.3.9"
Requiem for a Dream ,2000,1h 42min,8.3,https://www.imdb.com/title/tt0180093/?ref_=adv_li_tt,Drama,"Mozilla/5.0 (Macintosh; Intel Mac OS X 10_11_2) AppleWebKit/601.3.9 (KHTML, like Gecko) Version/9.0.2 Safari/601.3.9"
Snatch ,2000,1h 42min,8.3,https://www.imdb.com/title/tt0208092/?ref_=adv_li_tt,Comedy,"Mozilla/5.0 (Macintosh; Intel Mac OS X 10_11_2) AppleWebKit/601.3.9 (KHTML, like Gecko) Version/9.0.2 Safari/601.3.9"
Casino ,1995,2h 58min,8.2,https://www.imdb.com/title/tt0112641/?ref_=adv_li_tt,Crime,"Mozilla/5.0 (Macintosh; Intel Mac OS X 10_11_2) AppleWebKit/601.3.9 (KHTML, like Gecko) Version/9.0.2 Safari/601.3.9"
Amélie ,2001,2h 2min,8.3,https://www.imdb.com/title/tt0211915/?ref_=adv_li_tt,Comedy,"Mozilla/5.0 (Macintosh; Intel Mac OS X 10_11_2) AppleWebKit/601.3.9 (KHTML, like Gecko) Version/9.0.2 Safari/601.3.9"
Eternal Sunshine of the Spotless Mind ,2004,1h 48min,8.3,https://www.imdb.com/title/tt0338013/?ref_=adv_li_tt,Drama,"Mozilla/5.0 (Macintosh; Intel Mac OS X 10_11_2) AppleWebKit/601.3.9 (KHTML, like Gecko) Version/9.0.2 Safari/601.3.9"
Inglourious Basterds ,2009,2h 33min,8.3,https://www.imdb.com/title/tt0361748/?ref_=adv_li_tt,Adventure,"Mozilla/5.0 (Macintosh; Intel Mac OS X 10_11_2) AppleWebKit/601.3.9 (KHTML, like Gecko) Version/9.0.2 Safari/601.3.9"
My Neighbor Totoro ,1988,1h 26min,8.2,https://www.imdb.com/title/tt0096283/?ref_=adv_li_tt,Animation,"Mozilla/5.0 (Macintosh; Intel Mac OS X 10_11_2) AppleWebKit/601.3.9 (KHTML, like Gecko) Version/9.0.2 Safari/601.3.9"
Indiana Jones and the Last Crusade ,1989,2h 7min,8.2,https://www.imdb.com/title/tt0097576/?ref_=adv_li_tt,Action,"Mozilla/5.0 (Macintosh; Intel Mac OS X 10_11_2) AppleWebKit/601.3.9 (KHTML, like Gecko) Version/9.0.2 Safari/601.3.9"
Unforgiven ,1992,2h 10min,8.2,https://www.imdb.com/title/tt0105695/?ref_=adv_li_tt,Drama,"Mozilla/5.0 (Macintosh; Intel Mac OS X 10_11_2) AppleWebKit/601.3.9 (KHTML, like Gecko) Version/9.0.2 Safari/601.3.9"
Heat ,1995,2h 50min,8.2,https://www.imdb.com/title/tt0113277/?ref_=adv_li_tt,Crime,"Mozilla/5.0 (Macintosh; Intel Mac OS X 10_11_2) AppleWebKit/601.3.9 (KHTML, like Gecko) Version/9.0.2 Safari/601.3.9"
L.A. Confidential ,1997,2h 18min,8.2,https://www.imdb.com/title/tt0119488/?ref_=adv_li_tt,Crime,"Mozilla/5.0 (Macintosh; Intel Mac OS X 10_11_2) AppleWebKit/601.3.9 (KHTML, like Gecko) Version/9.0.2 Safari/601.3.9"
"Lock, Stock and Two Smoking Barrels ",1998,1h 47min,8.2,https://www.imdb.com/title/tt0120735/?ref_=adv_li_tt,Comedy,"Mozilla/5.0 (Macintosh; Intel Mac OS X 10_11_2) AppleWebKit/601.3.9 (KHTML, like Gecko) Version/9.0.2 Safari/601.3.9"
Downfall ,2004,2h 36min,8.2,https://www.imdb.com/title/tt0363163/?ref_=adv_li_tt,Biography,"Mozilla/5.0 (Macintosh; Intel Mac OS X 10_11_2) AppleWebKit/601.3.9 (KHTML, like Gecko) Version/9.0.2 Safari/601.3.9"
Howl's Moving Castle ,2004,1h 59min,8.2,https://www.imdb.com/title/tt0347149/?ref_=adv_li_tt,Animation,"Mozilla/5.0 (Macintosh; Intel Mac OS X 10_11_2) AppleWebKit/601.3.9 (KHTML, like Gecko) Version/9.0.2 Safari/601.3.9"
A Beautiful Mind ,2001,2h 15min,8.2,https://www.imdb.com/title/tt0268978/?ref_=adv_li_tt,Biography,"Mozilla/5.0 (Macintosh; Intel Mac OS X 10_11_2) AppleWebKit/601.3.9 (KHTML, like Gecko) Version/9.0.2 Safari/601.3.9"
Batman Begins ,2005,2h 20min,8.2,https://www.imdb.com/title/tt0372784/?ref_=adv_li_tt,Action,"Mozilla/5.0 (Macintosh; Intel Mac OS X 10_11_2) AppleWebKit/601.3.9 (KHTML, like Gecko) Version/9.0.2 Safari/601.3.9"
Pan's Labyrinth ,2006,1h 58min,8.2,https://www.imdb.com/title/tt0457430/?ref_=adv_li_tt,Drama,"Mozilla/5.0 (Macintosh; Intel Mac OS X 10_11_2) AppleWebKit/601.3.9 (KHTML, like Gecko) Version/9.0.2 Safari/601.3.9"
Rang De Basanti ,2006,2h 47min,8.2,https://www.imdb.com/title/tt0405508/?ref_=adv_li_tt,Comedy,"Mozilla/5.0 (Macintosh; Intel Mac OS X 10_11_2) AppleWebKit/601.3.9 (KHTML, like Gecko) Version/9.0.2 Safari/601.3.9"
There Will Be Blood ,2007,2h 38min,8.2,https://www.imdb.com/title/tt0469494/?ref_=adv_li_tt,Drama,"Mozilla/5.0 (Macintosh; Intel Mac OS X 10_11_2) AppleWebKit/601.3.9 (KHTML, like Gecko) Version/9.0.2 Safari/601.3.9"
Warrior ,2011,2h 20min,8.2,https://www.imdb.com/title/tt1291584/?ref_=adv_li_tt,Drama,"Mozilla/5.0 (Macintosh; Intel Mac OS X 10_11_2) AppleWebKit/601.3.9 (KHTML, like Gecko) Version/9.0.2 Safari/601.3.9"
V for Vendetta ,2005,2h 12min,8.2,https://www.imdb.com/title/tt0434409/?ref_=adv_li_tt,Action,"Mozilla/5.0 (Macintosh; Intel Mac OS X 10_11_2) AppleWebKit/601.3.9 (KHTML, like Gecko) Version/9.0.2 Safari/601.3.9"
Up ,2009,1h 36min,8.2,https://www.imdb.com/title/tt1049413/?ref_=adv_li_tt,Animation,"Mozilla/5.0 (Macintosh; Intel Mac OS X 10_11_2) AppleWebKit/601.3.9 (KHTML, like Gecko) Version/9.0.2 Safari/601.3.9"
The Wolf of Wall Street ,2013,3h,8.2,https://www.imdb.com/title/tt0993846/?ref_=adv_li_tt,Biography,"Mozilla/5.0 (Macintosh; Intel Mac OS X 10_11_2) AppleWebKit/601.3.9 (KHTML, like Gecko) Version/9.0.2 Safari/601.3.9"
Die Hard ,1988,2h 12min,8.2,https://www.imdb.com/title/tt0095016/?ref_=adv_li_tt,Action,"Mozilla/5.0 (Macintosh; Intel Mac OS X 10_11_2) AppleWebKit/601.3.9 (KHTML, like Gecko) Version/9.0.2 Safari/601.3.9"
Memories of Murder ,2003,2h 12min,8.1,https://www.imdb.com/title/tt0353969/?ref_=adv_li_tt,Action,"Mozilla/5.0 (Macintosh; Intel Mac OS X 10_11_2) AppleWebKit/601.3.9 (KHTML, like Gecko) Version/9.0.2 Safari/601.3.9"
Million Dollar Baby ,2004,2h 12min,8.1,https://www.imdb.com/title/tt0405159/?ref_=adv_li_tt,Drama,"Mozilla/5.0 (Macintosh; Intel Mac OS X 10_11_2) AppleWebKit/601.3.9 (KHTML, like Gecko) Version/9.0.2 Safari/601.3.9"
Hotel Rwanda ,2004,2h 1min,8.1,https://www.imdb.com/title/tt0395169/?ref_=adv_li_tt,Biography,"Mozilla/5.0 (Macintosh; Intel Mac OS X 10_11_2) AppleWebKit/601.3.9 (KHTML, like Gecko) Version/9.0.2 Safari/601.3.9"
Mary and Max ,2009,1h 32min,8.1,https://www.imdb.com/title/tt0978762/?ref_=adv_li_tt,Animation,"Mozilla/5.0 (Macintosh; Intel Mac OS X 10_11_2) AppleWebKit/601.3.9 (KHTML, like Gecko) Version/9.0.2 Safari/601.3.9"
How to Train Your Dragon ,2010,1h 38min,8.1,https://www.imdb.com/title/tt0892769/?ref_=adv_li_tt,Animation,"Mozilla/5.0 (Macintosh; Intel Mac OS X 10_11_2) AppleWebKit/601.3.9 (KHTML, like Gecko) Version/9.0.2 Safari/601.3.9"
Into the Wild ,2007,2h 28min,8.1,https://www.imdb.com/title/tt0758758/?ref_=adv_li_tt,Adventure,"Mozilla/5.0 (Macintosh; Intel Mac OS X 10_11_2) AppleWebKit/601.3.9 (KHTML, like Gecko) Version/9.0.2 Safari/601.3.9"
No Country for Old Men ,2007,2h 2min,8.1,https://www.imdb.com/title/tt0477348/?ref_=adv_li_tt,Crime,"Mozilla/5.0 (Macintosh; Intel Mac OS X 10_11_2) AppleWebKit/601.3.9 (KHTML, like Gecko) Version/9.0.2 Safari/601.3.9"
Hachi: A Dog's Tale ,2009,1h 33min,8.1,https://www.imdb.com/title/tt1028532/?ref_=adv_li_tt,Drama,"Mozilla/5.0 (Macintosh; Intel Mac OS X 10_11_2) AppleWebKit/601.3.9 (KHTML, like Gecko) Version/9.0.2 Safari/601.3.9"
Shutter Island ,2010,2h 18min,8.1,https://www.imdb.com/title/tt1130884/?ref_=adv_li_tt,Mystery,"Mozilla/5.0 (Macintosh; Intel Mac OS X 10_11_2) AppleWebKit/601.3.9 (KHTML, like Gecko) Version/9.0.2 Safari/601.3.9"
Harry Potter and the Deathly Hallows: Part 2 ,2011,2h 10min,8.1,https://www.imdb.com/title/tt1201607/?ref_=adv_li_tt,Adventure,"Mozilla/5.0 (Macintosh; Intel Mac OS X 10_11_2) AppleWebKit/601.3.9 (KHTML, like Gecko) Version/9.0.2 Safari/601.3.9"
Spotlight ,2015,2h 9min,8.1,https://www.imdb.com/title/tt1895587/?ref_=adv_li_tt,Biography,"Mozilla/5.0 (Macintosh; Intel Mac OS X 10_11_2) AppleWebKit/601.3.9 (KHTML, like Gecko) Version/9.0.2 Safari/601.3.9"
Prisoners ,2013,2h 33min,8.1,https://www.imdb.com/title/tt1392214/?ref_=adv_li_tt,Crime,"Mozilla/5.0 (Macintosh; Intel Mac OS X 10_11_2) AppleWebKit/601.3.9 (KHTML, like Gecko) Version/9.0.2 Safari/601.3.9"
Mad Max: Fury Road ,2015,2h,8.1,https://www.imdb.com/title/tt1392190/?ref_=adv_li_tt,Action,"Mozilla/5.0 (Macintosh; Intel Mac OS X 10_11_2) AppleWebKit/601.3.9 (KHTML, like Gecko) Version/9.0.2 Safari/601.3.9"
Kill Bill: Vol. 1 ,2003,1h 51min,8.1,https://www.imdb.com/title/tt0266697/?ref_=adv_li_tt,Action,"Mozilla/5.0 (Macintosh; Intel Mac OS X 10_11_2) AppleWebKit/601.3.9 (KHTML, like Gecko) Version/9.0.2 Safari/601.3.9"
The Passion of Joan of Arc ,1928,1h 54min,8.1,https://www.imdb.com/title/tt0019254/?ref_=adv_li_tt,Biography,"Mozilla/5.0 (Macintosh; Intel Mac OS X 10_11_2) AppleWebKit/601.3.9 (KHTML, like Gecko) Version/9.0.2 Safari/601.3.9"
The Help ,2011,2h 26min,8.1,https://www.imdb.com/title/tt1454029/?ref_=adv_li_tt,Drama,"Mozilla/5.0 (Macintosh; Intel Mac OS X 10_11_2) AppleWebKit/601.3.9 (KHTML, like Gecko) Version/9.0.2 Safari/601.3.9"
Gran Torino ,2008,1h 56min,8.1,https://www.imdb.com/title/tt1205489/?ref_=adv_li_tt,Drama,"Mozilla/5.0 (Macintosh; Intel Mac OS X 10_11_2) AppleWebKit/601.3.9 (KHTML, like Gecko) Version/9.0.2 Safari/601.3.9"
Butch Cassidy and the Sundance Kid ,1969,1h 50min,8.0,https://www.imdb.com/title/tt0064115/?ref_=adv_li_tt,Biography,"Mozilla/5.0 (Macintosh; Intel Mac OS X 10_11_2) AppleWebKit/601.3.9 (KHTML, like Gecko) Version/9.0.2 Safari/601.3.9"
Castle in the Sky ,1986,2h 5min,8.0,https://www.imdb.com/title/tt0092067/?ref_=adv_li_tt,Animation,"Mozilla/5.0 (Macintosh; Intel Mac OS X 10_11_2) AppleWebKit/601.3.9 (KHTML, like Gecko) Version/9.0.2 Safari/601.3.9"
The Terminator ,1984,1h 47min,8.0,https://www.imdb.com/title/tt0088247/?ref_=adv_li_tt,Action,"Mozilla/5.0 (Macintosh; Intel Mac OS X 10_11_2) AppleWebKit/601.3.9 (KHTML, like Gecko) Version/9.0.2 Safari/601.3.9"
The General ,1926,1h 7min,8.1,https://www.imdb.com/title/tt0017925/?ref_=adv_li_tt,Action,"Mozilla/5.0 (Macintosh; Intel Mac OS X 10_11_2) AppleWebKit/601.3.9 (KHTML, like Gecko) Version/9.0.2 Safari/601.3.9"
Aladdin ,1992,1h 30min,8.0,https://www.imdb.com/title/tt0103639/?ref_=adv_li_tt,Animation,"Mozilla/5.0 (Macintosh; Intel Mac OS X 10_11_2) AppleWebKit/601.3.9 (KHTML, like Gecko) Version/9.0.2 Safari/601.3.9"
Akira ,1988,2h 4min,8.0,https://www.imdb.com/title/tt0094625/?ref_=adv_li_tt,Animation,"Mozilla/5.0 (Macintosh; Intel Mac OS X 10_11_2) AppleWebKit/601.3.9 (KHTML, like Gecko) Version/9.0.2 Safari/601.3.9"
"Monsters, Inc. ",2001,1h 32min,8.0,https://www.imdb.com/title/tt0198781/?ref_=adv_li_tt,Animation,"Mozilla/5.0 (Macintosh; Intel Mac OS X 10_11_2) AppleWebKit/601.3.9 (KHTML, like Gecko) Version/9.0.2 Safari/601.3.9"
Before Sunset ,2004,1h 20min,8.0,https://www.imdb.com/title/tt0381681/?ref_=adv_li_tt,Drama,"Mozilla/5.0 (Macintosh; Intel Mac OS X 10_11_2) AppleWebKit/601.3.9 (KHTML, like Gecko) Version/9.0.2 Safari/601.3.9"
Gone with the Wind ,1939,3h 58min,8.1,https://www.imdb.com/title/tt0031381/?ref_=adv_li_tt,Drama,"Mozilla/5.0 (Macintosh; Intel Mac OS X 10_11_2) AppleWebKit/601.3.9 (KHTML, like Gecko) Version/9.0.2 Safari/601.3.9"
Mr. Smith Goes to Washington ,1939,2h 9min,8.1,https://www.imdb.com/title/tt0031679/?ref_=adv_li_tt,Comedy,"Mozilla/5.0 (Macintosh; Intel Mac OS X 10_11_2) AppleWebKit/601.3.9 (KHTML, like Gecko) Version/9.0.2 Safari/601.3.9"
It Happened One Night ,1934,1h 45min,8.1,https://www.imdb.com/title/tt0025316/?ref_=adv_li_tt,Comedy,"Mozilla/5.0 (Macintosh; Intel Mac OS X 10_11_2) AppleWebKit/601.3.9 (KHTML, like Gecko) Version/9.0.2 Safari/601.3.9"
Rebecca ,1940,2h 10min,8.1,https://www.imdb.com/title/tt0032976/?ref_=adv_li_tt,Drama,"Mozilla/5.0 (Macintosh; Intel Mac OS X 10_11_2) AppleWebKit/601.3.9 (KHTML, like Gecko) Version/9.0.2 Safari/601.3.9"
The Third Man ,1949,1h 33min,8.1,https://www.imdb.com/title/tt0041959/?ref_=adv_li_tt,Film-Noir,"Mozilla/5.0 (Macintosh; Intel Mac OS X 10_11_2) AppleWebKit/601.3.9 (KHTML, like Gecko) Version/9.0.2 Safari/601.3.9"
On the Waterfront ,1954,1h 48min,8.1,https://www.imdb.com/title/tt0047296/?ref_=adv_li_tt,Crime,"Mozilla/5.0 (Macintosh; Intel Mac OS X 10_11_2) AppleWebKit/601.3.9 (KHTML, like Gecko) Version/9.0.2 Safari/601.3.9"
The Bridge on the River Kwai ,1957,2h 41min,8.1,https://www.imdb.com/title/tt0050212/?ref_=adv_li_tt,Adventure,"Mozilla/5.0 (Macintosh; Intel Mac OS X 10_11_2) AppleWebKit/601.3.9 (KHTML, like Gecko) Version/9.0.2 Safari/601.3.9"
The 400 Blows ,1959,1h 39min,8.1,https://www.imdb.com/title/tt0053198/?ref_=adv_li_tt,Crime,"Mozilla/5.0 (Macintosh; Intel Mac OS X 10_11_2) AppleWebKit/601.3.9 (KHTML, like Gecko) Version/9.0.2 Safari/601.3.9"
Persona ,1966,1h 23min,8.1,https://www.imdb.com/title/tt0060827/?ref_=adv_li_tt,Drama,"Mozilla/5.0 (Macintosh; Intel Mac OS X 10_11_2) AppleWebKit/601.3.9 (KHTML, like Gecko) Version/9.0.2 Safari/601.3.9"
Cool Hand Luke ,1967,2h 7min,8.1,https://www.imdb.com/title/tt0061512/?ref_=adv_li_tt,Crime,"Mozilla/5.0 (Macintosh; Intel Mac OS X 10_11_2) AppleWebKit/601.3.9 (KHTML, like Gecko) Version/9.0.2 Safari/601.3.9"
The Wages of Fear ,1953,2h 11min,8.1,https://www.imdb.com/title/tt0046268/?ref_=adv_li_tt,Adventure,"Mozilla/5.0 (Macintosh; Intel Mac OS X 10_11_2) AppleWebKit/601.3.9 (KHTML, like Gecko) Version/9.0.2 Safari/601.3.9"
Barry Lyndon ,1975,3h 5min,8.1,https://www.imdb.com/title/tt0072684/?ref_=adv_li_tt,Adventure,"Mozilla/5.0 (Macintosh; Intel Mac OS X 10_11_2) AppleWebKit/601.3.9 (KHTML, like Gecko) Version/9.0.2 Safari/601.3.9"
Network ,1976,2h 1min,8.1,https://www.imdb.com/title/tt0074958/?ref_=adv_li_tt,Drama,"Mozilla/5.0 (Macintosh; Intel Mac OS X 10_11_2) AppleWebKit/601.3.9 (KHTML, like Gecko) Version/9.0.2 Safari/601.3.9"
Ben-Hur ,1959,3h 32min,8.1,https://www.imdb.com/title/tt0052618/?ref_=adv_li_tt,Adventure,"Mozilla/5.0 (Macintosh; Intel Mac OS X 10_11_2) AppleWebKit/601.3.9 (KHTML, like Gecko) Version/9.0.2 Safari/601.3.9"
The Deer Hunter ,1978,3h 3min,8.1,https://www.imdb.com/title/tt0077416/?ref_=adv_li_tt,Drama,"Mozilla/5.0 (Macintosh; Intel Mac OS X 10_11_2) AppleWebKit/601.3.9 (KHTML, like Gecko) Version/9.0.2 Safari/601.3.9"
Monty Python's Life of Brian ,1979,1h 34min,8.1,https://www.imdb.com/title/tt0079470/?ref_=adv_li_tt,Comedy,"Mozilla/5.0 (Macintosh; Intel Mac OS X 10_11_2) AppleWebKit/601.3.9 (KHTML, like Gecko) Version/9.0.2 Safari/601.3.9"
Rocky ,1976,2h,8.1,https://www.imdb.com/title/tt0075148/?ref_=adv_li_tt,Drama,"Mozilla/5.0 (Macintosh; Intel Mac OS X 10_11_2) AppleWebKit/601.3.9 (KHTML, like Gecko) Version/9.0.2 Safari/601.3.9"
Blade Runner ,1982,1h 57min,8.1,https://www.imdb.com/title/tt0083658/?ref_=adv_li_tt,Action,"Mozilla/5.0 (Macintosh; Intel Mac OS X 10_11_2) AppleWebKit/601.3.9 (KHTML, like Gecko) Version/9.0.2 Safari/601.3.9"
The Elephant Man ,1980,2h 4min,8.1,https://www.imdb.com/title/tt0080678/?ref_=adv_li_tt,Biography,"Mozilla/5.0 (Macintosh; Intel Mac OS X 10_11_2) AppleWebKit/601.3.9 (KHTML, like Gecko) Version/9.0.2 Safari/601.3.9"
Nausicaä of the Valley of the Wind ,1984,1h 57min,8.1,https://www.imdb.com/title/tt0087544/?ref_=adv_li_tt,Animation,"Mozilla/5.0 (Macintosh; Intel Mac OS X 10_11_2) AppleWebKit/601.3.9 (KHTML, like Gecko) Version/9.0.2 Safari/601.3.9"
The Thing ,1982,1h 49min,8.1,https://www.imdb.com/title/tt0084787/?ref_=adv_li_tt,Horror,"Mozilla/5.0 (Macintosh; Intel Mac OS X 10_11_2) AppleWebKit/601.3.9 (KHTML, like Gecko) Version/9.0.2 Safari/601.3.9"
"Paris, Texas ",1984,2h 25min,8.1,https://www.imdb.com/title/tt0087884/?ref_=adv_li_tt,Drama,"Mozilla/5.0 (Macintosh; Intel Mac OS X 10_11_2) AppleWebKit/601.3.9 (KHTML, like Gecko) Version/9.0.2 Safari/601.3.9"
Stand by Me ,1986,1h 29min,8.1,https://www.imdb.com/title/tt0092005/?ref_=adv_li_tt,Adventure,"Mozilla/5.0 (Macintosh; Intel Mac OS X 10_11_2) AppleWebKit/601.3.9 (KHTML, like Gecko) Version/9.0.2 Safari/601.3.9"
The Princess Bride ,1987,1h 38min,8.1,https://www.imdb.com/title/tt0093779/?ref_=adv_li_tt,Adventure,"Mozilla/5.0 (Macintosh; Intel Mac OS X 10_11_2) AppleWebKit/601.3.9 (KHTML, like Gecko) Version/9.0.2 Safari/601.3.9"
Platoon ,1986,2h,8.1,https://www.imdb.com/title/tt0091763/?ref_=adv_li_tt,Drama,"Mozilla/5.0 (Macintosh; Intel Mac OS X 10_11_2) AppleWebKit/601.3.9 (KHTML, like Gecko) Version/9.0.2 Safari/601.3.9"
Dead Poets Society ,1989,2h 8min,8.1,https://www.imdb.com/title/tt0097165/?ref_=adv_li_tt,Comedy,"Mozilla/5.0 (Macintosh; Intel Mac OS X 10_11_2) AppleWebKit/601.3.9 (KHTML, like Gecko) Version/9.0.2 Safari/601.3.9"
In the Name of the Father ,1993,2h 13min,8.1,https://www.imdb.com/title/tt0107207/?ref_=adv_li_tt,Biography,"Mozilla/5.0 (Macintosh; Intel Mac OS X 10_11_2) AppleWebKit/601.3.9 (KHTML, like Gecko) Version/9.0.2 Safari/601.3.9"
Jurassic Park ,1993,2h 7min,8.1,https://www.imdb.com/title/tt0107290/?ref_=adv_li_tt,Action,"Mozilla/5.0 (Macintosh; Intel Mac OS X 10_11_2) AppleWebKit/601.3.9 (KHTML, like Gecko) Version/9.0.2 Safari/601.3.9"
Trainspotting ,1996,1h 33min,8.1,https://www.imdb.com/title/tt0117951/?ref_=adv_li_tt,Drama,"Mozilla/5.0 (Macintosh; Intel Mac OS X 10_11_2) AppleWebKit/601.3.9 (KHTML, like Gecko) Version/9.0.2 Safari/601.3.9"
La Haine ,1995,1h 38min,8.1,https://www.imdb.com/title/tt0113247/?ref_=adv_li_tt,Crime,"Mozilla/5.0 (Macintosh; Intel Mac OS X 10_11_2) AppleWebKit/601.3.9 (KHTML, like Gecko) Version/9.0.2 Safari/601.3.9"
Before Sunrise ,1995,1h 41min,8.1,https://www.imdb.com/title/tt0112471/?ref_=adv_li_tt,Drama,"Mozilla/5.0 (Macintosh; Intel Mac OS X 10_11_2) AppleWebKit/601.3.9 (KHTML, like Gecko) Version/9.0.2 Safari/601.3.9"
Fargo ,1996,1h 38min,8.1,https://www.imdb.com/title/tt0116282/?ref_=adv_li_tt,Crime,"Mozilla/5.0 (Macintosh; Intel Mac OS X 10_11_2) AppleWebKit/601.3.9 (KHTML, like Gecko) Version/9.0.2 Safari/601.3.9"
The Big Lebowski ,1998,1h 57min,8.1,https://www.imdb.com/title/tt0118715/?ref_=adv_li_tt,Comedy,"Mozilla/5.0 (Macintosh; Intel Mac OS X 10_11_2) AppleWebKit/601.3.9 (KHTML, like Gecko) Version/9.0.2 Safari/601.3.9"
In the Mood for Love ,2000,1h 38min,8.1,https://www.imdb.com/title/tt0118694/?ref_=adv_li_tt,Drama,"Mozilla/5.0 (Macintosh; Intel Mac OS X 10_11_2) AppleWebKit/601.3.9 (KHTML, like Gecko) Version/9.0.2 Safari/601.3.9"
The Sixth Sense ,1999,1h 47min,8.1,https://www.imdb.com/title/tt0167404/?ref_=adv_li_tt,Drama,"Mozilla/5.0 (Macintosh; Intel Mac OS X 10_11_2) AppleWebKit/601.3.9 (KHTML, like Gecko) Version/9.0.2 Safari/601.3.9"
Amores Perros ,2000,2h 34min,8.1,https://www.imdb.com/title/tt0245712/?ref_=adv_li_tt,Drama,"Mozilla/5.0 (Macintosh; Intel Mac OS X 10_11_2) AppleWebKit/601.3.9 (KHTML, like Gecko) Version/9.0.2 Safari/601.3.9"
Catch Me If You Can ,2002,2h 21min,8.1,https://www.imdb.com/title/tt0264464/?ref_=adv_li_tt,Biography,"Mozilla/5.0 (Macintosh; Intel Mac OS X 10_11_2) AppleWebKit/601.3.9 (KHTML, like Gecko) Version/9.0.2 Safari/601.3.9"
The Truman Show ,1998,1h 43min,8.1,https://www.imdb.com/title/tt0120382/?ref_=adv_li_tt,Comedy,"Mozilla/5.0 (Macintosh; Intel Mac OS X 10_11_2) AppleWebKit/601.3.9 (KHTML, like Gecko) Version/9.0.2 Safari/601.3.9"
Rush ,2013,2h 3min,8.1,https://www.imdb.com/title/tt1979320/?ref_=adv_li_tt,Biography,"Mozilla/5.0 (Macintosh; Intel Mac OS X 10_11_2) AppleWebKit/601.3.9 (KHTML, like Gecko) Version/9.0.2 Safari/601.3.9"
Lagaan: Once Upon a Time in India ,2001,3h 44min,8.1,https://www.imdb.com/title/tt0169102/?ref_=adv_li_tt,Adventure,"Mozilla/5.0 (Macintosh; Intel Mac OS X 10_11_2) AppleWebKit/601.3.9 (KHTML, like Gecko) Version/9.0.2 Safari/601.3.9"
Finding Nemo ,2003,1h 40min,8.1,https://www.imdb.com/title/tt0266543/?ref_=adv_li_tt,Animation,"Mozilla/5.0 (Macintosh; Intel Mac OS X 10_11_2) AppleWebKit/601.3.9 (KHTML, like Gecko) Version/9.0.2 Safari/601.3.9"
Hacksaw Ridge ,2016,2h 19min,8.1,https://www.imdb.com/title/tt2119532/?ref_=adv_li_tt,Biography,"Mozilla/5.0 (Macintosh; Intel Mac OS X 10_11_2) AppleWebKit/601.3.9 (KHTML, like Gecko) Version/9.0.2 Safari/601.3.9"
Gone Girl ,2014,2h 29min,8.1,https://www.imdb.com/title/tt2267998/?ref_=adv_li_tt,Drama,"Mozilla/5.0 (Macintosh; Intel Mac OS X 10_11_2) AppleWebKit/601.3.9 (KHTML, like Gecko) Version/9.0.2 Safari/601.3.9"
12 Years a Slave ,2013,2h 14min,8.1,https://www.imdb.com/title/tt2024544/?ref_=adv_li_tt,Biography,"Mozilla/5.0 (Macintosh; Intel Mac OS X 10_11_2) AppleWebKit/601.3.9 (KHTML, like Gecko) Version/9.0.2 Safari/601.3.9"
PK ,2014,2h 33min,8.1,https://www.imdb.com/title/tt2338151/?ref_=adv_li_tt,Comedy,"Mozilla/5.0 (Macintosh; Intel Mac OS X 10_11_2) AppleWebKit/601.3.9 (KHTML, like Gecko) Version/9.0.2 Safari/601.3.9"
The Grand Budapest Hotel ,2014,1h 39min,8.1,https://www.imdb.com/title/tt2278388/?ref_=adv_li_tt,Adventure,"Mozilla/5.0 (Macintosh; Intel Mac OS X 10_11_2) AppleWebKit/601.3.9 (KHTML, like Gecko) Version/9.0.2 Safari/601.3.9"
Wild Tales ,2014,2h 2min,8.1,https://www.imdb.com/title/tt3011894/?ref_=adv_li_tt,Comedy,"Mozilla/5.0 (Macintosh; Intel Mac OS X 10_11_2) AppleWebKit/601.3.9 (KHTML, like Gecko) Version/9.0.2 Safari/601.3.9"
The Invisible Guest ,2016,1h 46min,8.1,https://www.imdb.com/title/tt4857264/?ref_=adv_li_tt,Crime,"Mozilla/5.0 (Macintosh; Intel Mac OS X 10_11_2) AppleWebKit/601.3.9 (KHTML, like Gecko) Version/9.0.2 Safari/601.3.9"
The Handmaiden ,2016,2h 25min,8.1,https://www.imdb.com/title/tt4016934/?ref_=adv_li_tt,Drama,"Mozilla/5.0 (Macintosh; Intel Mac OS X 10_11_2) AppleWebKit/601.3.9 (KHTML, like Gecko) Version/9.0.2 Safari/601.3.9"
Marriage Story ,2019,2h 17min,8.1,https://www.imdb.com/title/tt7653254/?ref_=adv_li_tt,Comedy,"Mozilla/5.0 (Macintosh; Intel Mac OS X 10_11_2) AppleWebKit/601.3.9 (KHTML, like Gecko) Version/9.0.2 Safari/601.3.9"
The Gold Rush ,1925,1h 35min,8.2,https://www.imdb.com/title/tt0015864/?ref_=adv_li_tt,Adventure,"Mozilla/5.0 (Macintosh; Intel Mac OS X 10_11_2) AppleWebKit/601.3.9 (KHTML, like Gecko) Version/9.0.2 Safari/601.3.9"
Room ,2015,1h 58min,8.1,https://www.imdb.com/title/tt3170832/?ref_=adv_li_tt,Drama,"Mozilla/5.0 (Macintosh; Intel Mac OS X 10_11_2) AppleWebKit/601.3.9 (KHTML, like Gecko) Version/9.0.2 Safari/601.3.9"
Sherlock Jr. ,1924,45min,8.2,https://www.imdb.com/title/tt0015324/?ref_=adv_li_tt,Action,"Mozilla/5.0 (Macintosh; Intel Mac OS X 10_11_2) AppleWebKit/601.3.9 (KHTML, like Gecko) Version/9.0.2 Safari/601.3.9"
Logan ,2017,2h 17min,8.1,https://www.imdb.com/title/tt3315342/?ref_=adv_li_tt,Action,"Mozilla/5.0 (Macintosh; Intel Mac OS X 10_11_2) AppleWebKit/601.3.9 (KHTML, like Gecko) Version/9.0.2 Safari/601.3.9"
The Red Shoes ,1948,2h 15min,8.2,https://www.imdb.com/title/tt0040725/?ref_=adv_li_tt,Drama,"Mozilla/5.0 (Macintosh; Intel Mac OS X 10_11_2) AppleWebKit/601.3.9 (KHTML, like Gecko) Version/9.0.2 Safari/601.3.9"
The Treasure of the Sierra Madre ,1948,2h 6min,8.2,https://www.imdb.com/title/tt0040897/?ref_=adv_li_tt,Adventure,"Mozilla/5.0 (Macintosh; Intel Mac OS X 10_11_2) AppleWebKit/601.3.9 (KHTML, like Gecko) Version/9.0.2 Safari/601.3.9"
All About Eve ,1950,2h 18min,8.2,https://www.imdb.com/title/tt0042192/?ref_=adv_li_tt,Drama,"Mozilla/5.0 (Macintosh; Intel Mac OS X 10_11_2) AppleWebKit/601.3.9 (KHTML, like Gecko) Version/9.0.2 Safari/601.3.9"
Ace in the Hole ,1951,1h 51min,8.2,https://www.imdb.com/title/tt0043338/?ref_=adv_li_tt,Drama,"Mozilla/5.0 (Macintosh; Intel Mac OS X 10_11_2) AppleWebKit/601.3.9 (KHTML, like Gecko) Version/9.0.2 Safari/601.3.9"
Rashomon ,1950,1h 28min,8.2,https://www.imdb.com/title/tt0042876/?ref_=adv_li_tt,Crime,"Mozilla/5.0 (Macintosh; Intel Mac OS X 10_11_2) AppleWebKit/601.3.9 (KHTML, like Gecko) Version/9.0.2 Safari/601.3.9"
White Heat ,1949,1h 54min,8.2,https://www.imdb.com/title/tt0042041/?ref_=adv_li_tt,Action,"Mozilla/5.0 (Macintosh; Intel Mac OS X 10_11_2) AppleWebKit/601.3.9 (KHTML, like Gecko) Version/9.0.2 Safari/601.3.9"
The Seventh Seal ,1957,1h 36min,8.2,https://www.imdb.com/title/tt0050976/?ref_=adv_li_tt,Drama,"Mozilla/5.0 (Macintosh; Intel Mac OS X 10_11_2) AppleWebKit/601.3.9 (KHTML, like Gecko) Version/9.0.2 Safari/601.3.9"
Tokyo Story ,1953,2h 16min,8.2,https://www.imdb.com/title/tt0046438/?ref_=adv_li_tt,Drama,"Mozilla/5.0 (Macintosh; Intel Mac OS X 10_11_2) AppleWebKit/601.3.9 (KHTML, like Gecko) Version/9.0.2 Safari/601.3.9"
Dial M for Murder ,1954,1h 45min,8.2,https://www.imdb.com/title/tt0046912/?ref_=adv_li_tt,Crime,"Mozilla/5.0 (Macintosh; Intel Mac OS X 10_11_2) AppleWebKit/601.3.9 (KHTML, like Gecko) Version/9.0.2 Safari/601.3.9"
Wild Strawberries ,1957,1h 31min,8.2,https://www.imdb.com/title/tt0050986/?ref_=adv_li_tt,Drama,"Mozilla/5.0 (Macintosh; Intel Mac OS X 10_11_2) AppleWebKit/601.3.9 (KHTML, like Gecko) Version/9.0.2 Safari/601.3.9"
Judgment at Nuremberg ,1961,2h 59min,8.2,https://www.imdb.com/title/tt0055031/?ref_=adv_li_tt,Drama,"Mozilla/5.0 (Macintosh; Intel Mac OS X 10_11_2) AppleWebKit/601.3.9 (KHTML, like Gecko) Version/9.0.2 Safari/601.3.9"
Yojimbo ,1961,1h 50min,8.2,https://www.imdb.com/title/tt0055630/?ref_=adv_li_tt,Action,"Mozilla/5.0 (Macintosh; Intel Mac OS X 10_11_2) AppleWebKit/601.3.9 (KHTML, like Gecko) Version/9.0.2 Safari/601.3.9"
The Great Escape ,1963,2h 52min,8.2,https://www.imdb.com/title/tt0057115/?ref_=adv_li_tt,Adventure,"Mozilla/5.0 (Macintosh; Intel Mac OS X 10_11_2) AppleWebKit/601.3.9 (KHTML, like Gecko) Version/9.0.2 Safari/601.3.9"
Monty Python and the Holy Grail ,1975,1h 31min,8.2,https://www.imdb.com/title/tt0071853/?ref_=adv_li_tt,Adventure,"Mozilla/5.0 (Macintosh; Intel Mac OS X 10_11_2) AppleWebKit/601.3.9 (KHTML, like Gecko) Version/9.0.2 Safari/601.3.9"
Some Like It Hot ,1959,2h 1min,8.2,https://www.imdb.com/title/tt0053291/?ref_=adv_li_tt,Comedy,"Mozilla/5.0 (Macintosh; Intel Mac OS X 10_11_2) AppleWebKit/601.3.9 (KHTML, like Gecko) Version/9.0.2 Safari/601.3.9"
Andrei Rublev ,1966,3h 25min,8.2,https://www.imdb.com/title/tt0060107/?ref_=adv_li_tt,Biography,"Mozilla/5.0 (Macintosh; Intel Mac OS X 10_11_2) AppleWebKit/601.3.9 (KHTML, like Gecko) Version/9.0.2 Safari/601.3.9"
Raging Bull ,1980,2h 9min,8.2,https://www.imdb.com/title/tt0081398/?ref_=adv_li_tt,Biography,"Mozilla/5.0 (Macintosh; Intel Mac OS X 10_11_2) AppleWebKit/601.3.9 (KHTML, like Gecko) Version/9.0.2 Safari/601.3.9"
Ran ,1985,2h 42min,8.2,https://www.imdb.com/title/tt0089881/?ref_=adv_li_tt,Action,"Mozilla/5.0 (Macintosh; Intel Mac OS X 10_11_2) AppleWebKit/601.3.9 (KHTML, like Gecko) Version/9.0.2 Safari/601.3.9"
The Secret in Their Eyes ,2009,2h 9min,8.2,https://www.imdb.com/title/tt1305806/?ref_=adv_li_tt,Drama,"Mozilla/5.0 (Macintosh; Intel Mac OS X 10_11_2) AppleWebKit/601.3.9 (KHTML, like Gecko) Version/9.0.2 Safari/601.3.9"
Stalker ,1979,2h 42min,8.2,https://www.imdb.com/title/tt0079944/?ref_=adv_li_tt,Drama,"Mozilla/5.0 (Macintosh; Intel Mac OS X 10_11_2) AppleWebKit/601.3.9 (KHTML, like Gecko) Version/9.0.2 Safari/601.3.9"
Chinatown ,1974,2h 10min,8.2,https://www.imdb.com/title/tt0071315/?ref_=adv_li_tt,Drama,"Mozilla/5.0 (Macintosh; Intel Mac OS X 10_11_2) AppleWebKit/601.3.9 (KHTML, like Gecko) Version/9.0.2 Safari/601.3.9"
Gangs of Wasseypur ,2012,5h 21min,8.2,https://www.imdb.com/title/tt1954470/?ref_=adv_li_tt,Action,"Mozilla/5.0 (Macintosh; Intel Mac OS X 10_11_2) AppleWebKit/601.3.9 (KHTML, like Gecko) Version/9.0.2 Safari/601.3.9"
Ford v Ferrari ,2019,2h 32min,8.2,https://www.imdb.com/title/tt1950186/?ref_=adv_li_tt,Action,"Mozilla/5.0 (Macintosh; Intel Mac OS X 10_11_2) AppleWebKit/601.3.9 (KHTML, like Gecko) Version/9.0.2 Safari/601.3.9"
Inside Out ,2015,1h 35min,8.2,https://www.imdb.com/title/tt2096673/?ref_=adv_li_tt,Animation,"Mozilla/5.0 (Macintosh; Intel Mac OS X 10_11_2) AppleWebKit/601.3.9 (KHTML, like Gecko) Version/9.0.2 Safari/601.3.9"
Winter Sleep ,2014,3h 16min,8.2,https://www.imdb.com/title/tt2758880/?ref_=adv_li_tt,Drama,"Mozilla/5.0 (Macintosh; Intel Mac OS X 10_11_2) AppleWebKit/601.3.9 (KHTML, like Gecko) Version/9.0.2 Safari/601.3.9"
"Three Billboards Outside Ebbing, Missouri ",2017,1h 55min,8.2,https://www.imdb.com/title/tt5027774/?ref_=adv_li_tt,Comedy,"Mozilla/5.0 (Macintosh; Intel Mac OS X 10_11_2) AppleWebKit/601.3.9 (KHTML, like Gecko) Version/9.0.2 Safari/601.3.9"
Klaus ,2019,1h 36min,8.2,https://www.imdb.com/title/tt4729430/?ref_=adv_li_tt,Animation,"Mozilla/5.0 (Macintosh; Intel Mac OS X 10_11_2) AppleWebKit/601.3.9 (KHTML, like Gecko) Version/9.0.2 Safari/601.3.9"
The Kid ,1921,1h 8min,8.3,https://www.imdb.com/title/tt0012349/?ref_=adv_li_tt,Comedy,"Mozilla/5.0 (Macintosh; Intel Mac OS X 10_11_2) AppleWebKit/601.3.9 (KHTML, like Gecko) Version/9.0.2 Safari/601.3.9"
Green Book ,2018,2h 10min,8.2,https://www.imdb.com/title/tt6966692/?ref_=adv_li_tt,Biography,"Mozilla/5.0 (Macintosh; Intel Mac OS X 10_11_2) AppleWebKit/601.3.9 (KHTML, like Gecko) Version/9.0.2 Safari/601.3.9"
Little Women ,2019,2h 15min,8.2,https://www.imdb.com/title/tt3281548/?ref_=adv_li_tt,Drama,"Mozilla/5.0 (Macintosh; Intel Mac OS X 10_11_2) AppleWebKit/601.3.9 (KHTML, like Gecko) Version/9.0.2 Safari/601.3.9"
Metropolis ,1927,2h 33min,8.3,https://www.imdb.com/title/tt0017136/?ref_=adv_li_tt,Drama,"Mozilla/5.0 (Macintosh; Intel Mac OS X 10_11_2) AppleWebKit/601.3.9 (KHTML, like Gecko) Version/9.0.2 Safari/601.3.9"
M ,1931,1h 39min,8.3,https://www.imdb.com/title/tt0022100/?ref_=adv_li_tt,Crime,"Mozilla/5.0 (Macintosh; Intel Mac OS X 10_11_2) AppleWebKit/601.3.9 (KHTML, like Gecko) Version/9.0.2 Safari/601.3.9"
Citizen Kane ,1941,1h 59min,8.3,https://www.imdb.com/title/tt0033467/?ref_=adv_li_tt,Drama,"Mozilla/5.0 (Macintosh; Intel Mac OS X 10_11_2) AppleWebKit/601.3.9 (KHTML, like Gecko) Version/9.0.2 Safari/601.3.9"
Bicycle Thieves ,1948,1h 29min,8.3,https://www.imdb.com/title/tt0040522/?ref_=adv_li_tt,Drama,"Mozilla/5.0 (Macintosh; Intel Mac OS X 10_11_2) AppleWebKit/601.3.9 (KHTML, like Gecko) Version/9.0.2 Safari/601.3.9"
Double Indemnity ,1944,1h 47min,8.3,https://www.imdb.com/title/tt0036775/?ref_=adv_li_tt,Crime,"Mozilla/5.0 (Macintosh; Intel Mac OS X 10_11_2) AppleWebKit/601.3.9 (KHTML, like Gecko) Version/9.0.2 Safari/601.3.9"
Singin' in the Rain ,1952,1h 43min,8.3,https://www.imdb.com/title/tt0045152/?ref_=adv_li_tt,Comedy,"Mozilla/5.0 (Macintosh; Intel Mac OS X 10_11_2) AppleWebKit/601.3.9 (KHTML, like Gecko) Version/9.0.2 Safari/601.3.9"
Vertigo ,1958,2h 8min,8.3,https://www.imdb.com/title/tt0052357/?ref_=adv_li_tt,Mystery,"Mozilla/5.0 (Macintosh; Intel Mac OS X 10_11_2) AppleWebKit/601.3.9 (KHTML, like Gecko) Version/9.0.2 Safari/601.3.9"
Ikiru ,1952,2h 23min,8.3,https://www.imdb.com/title/tt0044741/?ref_=adv_li_tt,Drama,"Mozilla/5.0 (Macintosh; Intel Mac OS X 10_11_2) AppleWebKit/601.3.9 (KHTML, like Gecko) Version/9.0.2 Safari/601.3.9"
Lawrence of Arabia ,1962,3h 48min,8.3,https://www.imdb.com/title/tt0056172/?ref_=adv_li_tt,Adventure,"Mozilla/5.0 (Macintosh; Intel Mac OS X 10_11_2) AppleWebKit/601.3.9 (KHTML, like Gecko) Version/9.0.2 Safari/601.3.9"
The Apartment ,1960,2h 5min,8.3,https://www.imdb.com/title/tt0053604/?ref_=adv_li_tt,Comedy,"Mozilla/5.0 (Macintosh; Intel Mac OS X 10_11_2) AppleWebKit/601.3.9 (KHTML, like Gecko) Version/9.0.2 Safari/601.3.9"
To Kill a Mockingbird ,1962,2h 9min,8.3,https://www.imdb.com/title/tt0056592/?ref_=adv_li_tt,Crime,"Mozilla/5.0 (Macintosh; Intel Mac OS X 10_11_2) AppleWebKit/601.3.9 (KHTML, like Gecko) Version/9.0.2 Safari/601.3.9"
North by Northwest ,1959,2h 16min,8.3,https://www.imdb.com/title/tt0053125/?ref_=adv_li_tt,Adventure,"Mozilla/5.0 (Macintosh; Intel Mac OS X 10_11_2) AppleWebKit/601.3.9 (KHTML, like Gecko) Version/9.0.2 Safari/601.3.9"
For a Few Dollars More ,1965,2h 12min,8.3,https://www.imdb.com/title/tt0059578/?ref_=adv_li_tt,Western,"Mozilla/5.0 (Macintosh; Intel Mac OS X 10_11_2) AppleWebKit/601.3.9 (KHTML, like Gecko) Version/9.0.2 Safari/601.3.9"
The Sting ,1973,2h 9min,8.3,https://www.imdb.com/title/tt0070735/?ref_=adv_li_tt,Comedy,"Mozilla/5.0 (Macintosh; Intel Mac OS X 10_11_2) AppleWebKit/601.3.9 (KHTML, like Gecko) Version/9.0.2 Safari/601.3.9"
A Clockwork Orange ,1971,2h 16min,8.3,https://www.imdb.com/title/tt0066921/?ref_=adv_li_tt,Crime,"Mozilla/5.0 (Macintosh; Intel Mac OS X 10_11_2) AppleWebKit/601.3.9 (KHTML, like Gecko) Version/9.0.2 Safari/601.3.9"
2001: A Space Odyssey ,1968,2h 29min,8.3,https://www.imdb.com/title/tt0062622/?ref_=adv_li_tt,Adventure,"Mozilla/5.0 (Macintosh; Intel Mac OS X 10_11_2) AppleWebKit/601.3.9 (KHTML, like Gecko) Version/9.0.2 Safari/601.3.9"
Taxi Driver ,1976,1h 54min,8.3,https://www.imdb.com/title/tt0075314/?ref_=adv_li_tt,Crime,"Mozilla/5.0 (Macintosh; Intel Mac OS X 10_11_2) AppleWebKit/601.3.9 (KHTML, like Gecko) Version/9.0.2 Safari/601.3.9"
Das Boot ,1981,2h 29min,8.3,https://www.imdb.com/title/tt0082096/?ref_=adv_li_tt,Adventure,"Mozilla/5.0 (Macintosh; Intel Mac OS X 10_11_2) AppleWebKit/601.3.9 (KHTML, like Gecko) Version/9.0.2 Safari/601.3.9"
Aliens ,1986,2h 17min,8.3,https://www.imdb.com/title/tt0090605/?ref_=adv_li_tt,Action,"Mozilla/5.0 (Macintosh; Intel Mac OS X 10_11_2) AppleWebKit/601.3.9 (KHTML, like Gecko) Version/9.0.2 Safari/601.3.9"
Star Wars: Episode VI - Return of the Jedi ,1983,2h 11min,8.3,https://www.imdb.com/title/tt0086190/?ref_=adv_li_tt,Action,"Mozilla/5.0 (Macintosh; Intel Mac OS X 10_11_2) AppleWebKit/601.3.9 (KHTML, like Gecko) Version/9.0.2 Safari/601.3.9"
Scarface ,1983,2h 50min,8.3,https://www.imdb.com/title/tt0086250/?ref_=adv_li_tt,Crime,"Mozilla/5.0 (Macintosh; Intel Mac OS X 10_11_2) AppleWebKit/601.3.9 (KHTML, like Gecko) Version/9.0.2 Safari/601.3.9"
Amadeus ,1984,2h 40min,8.3,https://www.imdb.com/title/tt0086879/?ref_=adv_li_tt,Biography,"Mozilla/5.0 (Macintosh; Intel Mac OS X 10_11_2) AppleWebKit/601.3.9 (KHTML, like Gecko) Version/9.0.2 Safari/601.3.9"
Toy Story 3 ,2010,1h 43min,8.3,https://www.imdb.com/title/tt0435761/?ref_=adv_li_tt,Animation,"Mozilla/5.0 (Macintosh; Intel Mac OS X 10_11_2) AppleWebKit/601.3.9 (KHTML, like Gecko) Version/9.0.2 Safari/601.3.9"
Incendies ,2010,2h 11min,8.3,https://www.imdb.com/title/tt1255953/?ref_=adv_li_tt,Drama,"Mozilla/5.0 (Macintosh; Intel Mac OS X 10_11_2) AppleWebKit/601.3.9 (KHTML, like Gecko) Version/9.0.2 Safari/601.3.9"
A Separation ,2011,2h 3min,8.3,https://www.imdb.com/title/tt1832382/?ref_=adv_li_tt,Drama,"Mozilla/5.0 (Macintosh; Intel Mac OS X 10_11_2) AppleWebKit/601.3.9 (KHTML, like Gecko) Version/9.0.2 Safari/601.3.9"
The Hunt ,2012,1h 55min,8.3,https://www.imdb.com/title/tt2106476/?ref_=adv_li_tt,Drama,"Mozilla/5.0 (Macintosh; Intel Mac OS X 10_11_2) AppleWebKit/601.3.9 (KHTML, like Gecko) Version/9.0.2 Safari/601.3.9"
Paths of Glory ,1957,1h 28min,8.4,https://www.imdb.com/title/tt0050825/?ref_=adv_li_tt,Drama,"Mozilla/5.0 (Macintosh; Intel Mac OS X 10_11_2) AppleWebKit/601.3.9 (KHTML, like Gecko) Version/9.0.2 Safari/601.3.9"
Rear Window ,1954,1h 52min,8.4,https://www.imdb.com/title/tt0047396/?ref_=adv_li_tt,Mystery,"Mozilla/5.0 (Macintosh; Intel Mac OS X 10_11_2) AppleWebKit/601.3.9 (KHTML, like Gecko) Version/9.0.2 Safari/601.3.9"
Witness for the Prosecution ,1957,1h 56min,8.4,https://www.imdb.com/title/tt0051201/?ref_=adv_li_tt,Crime,"Mozilla/5.0 (Macintosh; Intel Mac OS X 10_11_2) AppleWebKit/601.3.9 (KHTML, like Gecko) Version/9.0.2 Safari/601.3.9"
Sunset Blvd. ,1950,1h 50min,8.4,https://www.imdb.com/title/tt0043014/?ref_=adv_li_tt,Drama,"Mozilla/5.0 (Macintosh; Intel Mac OS X 10_11_2) AppleWebKit/601.3.9 (KHTML, like Gecko) Version/9.0.2 Safari/601.3.9"
Dr. Strangelove or: How I Learned to Stop Worrying and Love the Bomb ,1964,1h 35min,8.4,https://www.imdb.com/title/tt0057012/?ref_=adv_li_tt,Comedy,"Mozilla/5.0 (Macintosh; Intel Mac OS X 10_11_2) AppleWebKit/601.3.9 (KHTML, like Gecko) Version/9.0.2 Safari/601.3.9"
Alien ,1979,1h 57min,8.4,https://www.imdb.com/title/tt0078748/?ref_=adv_li_tt,Horror,"Mozilla/5.0 (Macintosh; Intel Mac OS X 10_11_2) AppleWebKit/601.3.9 (KHTML, like Gecko) Version/9.0.2 Safari/601.3.9"
Apocalypse Now ,1979,2h 27min,8.4,https://www.imdb.com/title/tt0078788/?ref_=adv_li_tt,Drama,"Mozilla/5.0 (Macintosh; Intel Mac OS X 10_11_2) AppleWebKit/601.3.9 (KHTML, like Gecko) Version/9.0.2 Safari/601.3.9"
The Shining ,1980,2h 26min,8.4,https://www.imdb.com/title/tt0081505/?ref_=adv_li_tt,Drama,"Mozilla/5.0 (Macintosh; Intel Mac OS X 10_11_2) AppleWebKit/601.3.9 (KHTML, like Gecko) Version/9.0.2 Safari/601.3.9"
Memento ,2000,1h 53min,8.4,https://www.imdb.com/title/tt0209144/?ref_=adv_li_tt,Mystery,"Mozilla/5.0 (Macintosh; Intel Mac OS X 10_11_2) AppleWebKit/601.3.9 (KHTML, like Gecko) Version/9.0.2 Safari/601.3.9"
Princess Mononoke ,1997,2h 14min,8.4,https://www.imdb.com/title/tt0119698/?ref_=adv_li_tt,Animation,"Mozilla/5.0 (Macintosh; Intel Mac OS X 10_11_2) AppleWebKit/601.3.9 (KHTML, like Gecko) Version/9.0.2 Safari/601.3.9"
Raiders of the Lost Ark ,1981,1h 55min,8.4,https://www.imdb.com/title/tt0082971/?ref_=adv_li_tt,Action,"Mozilla/5.0 (Macintosh; Intel Mac OS X 10_11_2) AppleWebKit/601.3.9 (KHTML, like Gecko) Version/9.0.2 Safari/601.3.9"
Once Upon a Time in America ,1984,3h 49min,8.4,https://www.imdb.com/title/tt0087843/?ref_=adv_li_tt,Crime,"Mozilla/5.0 (Macintosh; Intel Mac OS X 10_11_2) AppleWebKit/601.3.9 (KHTML, like Gecko) Version/9.0.2 Safari/601.3.9"
Oldboy ,2003,2h,8.4,https://www.imdb.com/title/tt0364569/?ref_=adv_li_tt,Action,"Mozilla/5.0 (Macintosh; Intel Mac OS X 10_11_2) AppleWebKit/601.3.9 (KHTML, like Gecko) Version/9.0.2 Safari/601.3.9"
WALL·E ,2008,1h 38min,8.4,https://www.imdb.com/title/tt0910970/?ref_=adv_li_tt,Animation,"Mozilla/5.0 (Macintosh; Intel Mac OS X 10_11_2) AppleWebKit/601.3.9 (KHTML, like Gecko) Version/9.0.2 Safari/601.3.9"
3 Idiots ,2009,2h 50min,8.4,https://www.imdb.com/title/tt1187043/?ref_=adv_li_tt,Comedy,"Mozilla/5.0 (Macintosh; Intel Mac OS X 10_11_2) AppleWebKit/601.3.9 (KHTML, like Gecko) Version/9.0.2 Safari/601.3.9"
My Father and My Son ,2005,1h 48min,8.3,https://www.imdb.com/title/tt0476735/?ref_=adv_li_tt,Drama,"Mozilla/5.0 (Macintosh; Intel Mac OS X 10_11_2) AppleWebKit/601.3.9 (KHTML, like Gecko) Version/9.0.2 Safari/601.3.9"
The Lives of Others ,2006,2h 17min,8.4,https://www.imdb.com/title/tt0405094/?ref_=adv_li_tt,Drama,"Mozilla/5.0 (Macintosh; Intel Mac OS X 10_11_2) AppleWebKit/601.3.9 (KHTML, like Gecko) Version/9.0.2 Safari/601.3.9"
Like Stars on Earth ,2007,2h 45min,8.4,https://www.imdb.com/title/tt0986264/?ref_=adv_li_tt,Drama,"Mozilla/5.0 (Macintosh; Intel Mac OS X 10_11_2) AppleWebKit/601.3.9 (KHTML, like Gecko) Version/9.0.2 Safari/601.3.9"
Django Unchained ,2012,2h 45min,8.4,https://www.imdb.com/title/tt1853728/?ref_=adv_li_tt,Drama,"Mozilla/5.0 (Macintosh; Intel Mac OS X 10_11_2) AppleWebKit/601.3.9 (KHTML, like Gecko) Version/9.0.2 Safari/601.3.9"
The Dark Knight Rises ,2012,2h 44min,8.4,https://www.imdb.com/title/tt1345836/?ref_=adv_li_tt,Action,"Mozilla/5.0 (Macintosh; Intel Mac OS X 10_11_2) AppleWebKit/601.3.9 (KHTML, like Gecko) Version/9.0.2 Safari/601.3.9"
Dangal ,2016,2h 41min,8.4,https://www.imdb.com/title/tt5074352/?ref_=adv_li_tt,Action,"Mozilla/5.0 (Macintosh; Intel Mac OS X 10_11_2) AppleWebKit/601.3.9 (KHTML, like Gecko) Version/9.0.2 Safari/601.3.9"
Andhadhun ,2018,2h 19min,8.4,https://www.imdb.com/title/tt8108198/?ref_=adv_li_tt,Crime,"Mozilla/5.0 (Macintosh; Intel Mac OS X 10_11_2) AppleWebKit/601.3.9 (KHTML, like Gecko) Version/9.0.2 Safari/601.3.9"
Your Name. ,2016,1h 46min,8.4,https://www.imdb.com/title/tt5311514/?ref_=adv_li_tt,Animation,"Mozilla/5.0 (Macintosh; Intel Mac OS X 10_11_2) AppleWebKit/601.3.9 (KHTML, like Gecko) Version/9.0.2 Safari/601.3.9"
Capernaum ,2018,2h 6min,8.4,https://www.imdb.com/title/tt8267604/?ref_=adv_li_tt,Drama,"Mozilla/5.0 (Macintosh; Intel Mac OS X 10_11_2) AppleWebKit/601.3.9 (KHTML, like Gecko) Version/9.0.2 Safari/601.3.9"
Coco ,2017,1h 45min,8.4,https://www.imdb.com/title/tt2380307/?ref_=adv_li_tt,Animation,"Mozilla/5.0 (Macintosh; Intel Mac OS X 10_11_2) AppleWebKit/601.3.9 (KHTML, like Gecko) Version/9.0.2 Safari/601.3.9"
City Lights ,1931,1h 27min,8.5,https://www.imdb.com/title/tt0021749/?ref_=adv_li_tt,Comedy,"Mozilla/5.0 (Macintosh; Intel Mac OS X 10_11_2) AppleWebKit/601.3.9 (KHTML, like Gecko) Version/9.0.2 Safari/601.3.9"
Modern Times ,1936,1h 27min,8.5,https://www.imdb.com/title/tt0027977/?ref_=adv_li_tt,Comedy,"Mozilla/5.0 (Macintosh; Intel Mac OS X 10_11_2) AppleWebKit/601.3.9 (KHTML, like Gecko) Version/9.0.2 Safari/601.3.9"
Spider-Man: Into the Spider-Verse ,2018,1h 57min,8.4,https://www.imdb.com/title/tt4633694/?ref_=adv_li_tt,Animation,"Mozilla/5.0 (Macintosh; Intel Mac OS X 10_11_2) AppleWebKit/601.3.9 (KHTML, like Gecko) Version/9.0.2 Safari/601.3.9"
The Great Dictator ,1940,2h 5min,8.5,https://www.imdb.com/title/tt0032553/?ref_=adv_li_tt,Comedy,"Mozilla/5.0 (Macintosh; Intel Mac OS X 10_11_2) AppleWebKit/601.3.9 (KHTML, like Gecko) Version/9.0.2 Safari/601.3.9"
Casablanca ,1942,1h 42min,8.5,https://www.imdb.com/title/tt0034583/?ref_=adv_li_tt,Drama,"Mozilla/5.0 (Macintosh; Intel Mac OS X 10_11_2) AppleWebKit/601.3.9 (KHTML, like Gecko) Version/9.0.2 Safari/601.3.9"
High and Low ,1963,2h 23min,8.5,https://www.imdb.com/title/tt0057565/?ref_=adv_li_tt,Crime,"Mozilla/5.0 (Macintosh; Intel Mac OS X 10_11_2) AppleWebKit/601.3.9 (KHTML, like Gecko) Version/9.0.2 Safari/601.3.9"
Psycho ,1960,1h 49min,8.5,https://www.imdb.com/title/tt0054215/?ref_=adv_li_tt,Horror,"Mozilla/5.0 (Macintosh; Intel Mac OS X 10_11_2) AppleWebKit/601.3.9 (KHTML, like Gecko) Version/9.0.2 Safari/601.3.9"
Seven Samurai ,1954,3h 27min,8.6,https://www.imdb.com/title/tt0047478/?ref_=adv_li_tt,Action,"Mozilla/5.0 (Macintosh; Intel Mac OS X 10_11_2) AppleWebKit/601.3.9 (KHTML, like Gecko) Version/9.0.2 Safari/601.3.9"
Star Wars: Episode IV - A New Hope ,1977,2h 1min,8.6,https://www.imdb.com/title/tt0076759/?ref_=adv_li_tt,Action,"Mozilla/5.0 (Macintosh; Intel Mac OS X 10_11_2) AppleWebKit/601.3.9 (KHTML, like Gecko) Version/9.0.2 Safari/601.3.9"
The Silence of the Lambs ,1991,1h 58min,8.6,https://www.imdb.com/title/tt0102926/?ref_=adv_li_tt,Crime,"Mozilla/5.0 (Macintosh; Intel Mac OS X 10_11_2) AppleWebKit/601.3.9 (KHTML, like Gecko) Version/9.0.2 Safari/601.3.9"
Se7en ,1995,2h 7min,8.6,https://www.imdb.com/title/tt0114369/?ref_=adv_li_tt,Crime,"Mozilla/5.0 (Macintosh; Intel Mac OS X 10_11_2) AppleWebKit/601.3.9 (KHTML, like Gecko) Version/9.0.2 Safari/601.3.9"
Life Is Beautiful ,1997,1h 56min,8.6,https://www.imdb.com/title/tt0118799/?ref_=adv_li_tt,Comedy,"Mozilla/5.0 (Macintosh; Intel Mac OS X 10_11_2) AppleWebKit/601.3.9 (KHTML, like Gecko) Version/9.0.2 Safari/601.3.9"
It's a Wonderful Life ,1946,2h 10min,8.6,https://www.imdb.com/title/tt0038650/?ref_=adv_li_tt,Drama,"Mozilla/5.0 (Macintosh; Intel Mac OS X 10_11_2) AppleWebKit/601.3.9 (KHTML, like Gecko) Version/9.0.2 Safari/601.3.9"
City of God ,2002,2h 10min,8.6,https://www.imdb.com/title/tt0317248/?ref_=adv_li_tt,Crime,"Mozilla/5.0 (Macintosh; Intel Mac OS X 10_11_2) AppleWebKit/601.3.9 (KHTML, like Gecko) Version/9.0.2 Safari/601.3.9"
Avengers: Endgame ,2019,3h 1min,8.5,https://www.imdb.com/title/tt4154796/?ref_=adv_li_tt,Action,"Mozilla/5.0 (Macintosh; Intel Mac OS X 10_11_2) AppleWebKit/601.3.9 (KHTML, like Gecko) Version/9.0.2 Safari/601.3.9"
The Green Mile ,1999,3h 9min,8.6,https://www.imdb.com/title/tt0120689/?ref_=adv_li_tt,Crime,"Mozilla/5.0 (Macintosh; Intel Mac OS X 10_11_2) AppleWebKit/601.3.9 (KHTML, like Gecko) Version/9.0.2 Safari/601.3.9"
Spirited Away ,2001,2h 5min,8.6,https://www.imdb.com/title/tt0245429/?ref_=adv_li_tt,Animation,"Mozilla/5.0 (Macintosh; Intel Mac OS X 10_11_2) AppleWebKit/601.3.9 (KHTML, like Gecko) Version/9.0.2 Safari/601.3.9"
Saving Private Ryan ,1998,2h 49min,8.6,https://www.imdb.com/title/tt0120815/?ref_=adv_li_tt,Drama,"Mozilla/5.0 (Macintosh; Intel Mac OS X 10_11_2) AppleWebKit/601.3.9 (KHTML, like Gecko) Version/9.0.2 Safari/601.3.9"
Parasite ,2019,2h 12min,8.6,https://www.imdb.com/title/tt6751668/?ref_=adv_li_tt,Comedy,"Mozilla/5.0 (Macintosh; Intel Mac OS X 10_11_2) AppleWebKit/601.3.9 (KHTML, like Gecko) Version/9.0.2 Safari/601.3.9"
Interstellar ,2014,2h 49min,8.6,https://www.imdb.com/title/tt0816692/?ref_=adv_li_tt,Adventure,"Mozilla/5.0 (Macintosh; Intel Mac OS X 10_11_2) AppleWebKit/601.3.9 (KHTML, like Gecko) Version/9.0.2 Safari/601.3.9"
Harakiri ,1962,2h 13min,8.7,https://www.imdb.com/title/tt0056058/?ref_=adv_li_tt,Action,"Mozilla/5.0 (Macintosh; Intel Mac OS X 10_11_2) AppleWebKit/601.3.9 (KHTML, like Gecko) Version/9.0.2 Safari/601.3.9"
One Flew Over the Cuckoo's Nest ,1975,2h 13min,8.7,https://www.imdb.com/title/tt0073486/?ref_=adv_li_tt,Drama,"Mozilla/5.0 (Macintosh; Intel Mac OS X 10_11_2) AppleWebKit/601.3.9 (KHTML, like Gecko) Version/9.0.2 Safari/601.3.9"
Joker ,2019,2h 2min,8.6,https://www.imdb.com/title/tt7286456/?ref_=adv_li_tt,Crime,"Mozilla/5.0 (Macintosh; Intel Mac OS X 10_11_2) AppleWebKit/601.3.9 (KHTML, like Gecko) Version/9.0.2 Safari/601.3.9"
1917 ,2019,1h 59min,8.6,https://www.imdb.com/title/tt8579674/?ref_=adv_li_tt,Drama,"Mozilla/5.0 (Macintosh; Intel Mac OS X 10_11_2) AppleWebKit/601.3.9 (KHTML, like Gecko) Version/9.0.2 Safari/601.3.9"
Star Wars: Episode V - The Empire Strikes Back ,1980,2h 4min,8.7,https://www.imdb.com/title/tt0080684/?ref_=adv_li_tt,Action,"Mozilla/5.0 (Macintosh; Intel Mac OS X 10_11_2) AppleWebKit/601.3.9 (KHTML, like Gecko) Version/9.0.2 Safari/601.3.9"
The Matrix ,1999,2h 16min,8.7,https://www.imdb.com/title/tt0133093/?ref_=adv_li_tt,Action,"Mozilla/5.0 (Macintosh; Intel Mac OS X 10_11_2) AppleWebKit/601.3.9 (KHTML, like Gecko) Version/9.0.2 Safari/601.3.9"
Goodfellas ,1990,2h 26min,8.7,https://www.imdb.com/title/tt0099685/?ref_=adv_li_tt,Biography,"Mozilla/5.0 (Macintosh; Intel Mac OS X 10_11_2) AppleWebKit/601.3.9 (KHTML, like Gecko) Version/9.0.2 Safari/601.3.9"
The Lord of the Rings: The Two Towers ,2002,2h 59min,8.7,https://www.imdb.com/title/tt0167261/?ref_=adv_li_tt,Adventure,"Mozilla/5.0 (Macintosh; Intel Mac OS X 10_11_2) AppleWebKit/601.3.9 (KHTML, like Gecko) Version/9.0.2 Safari/601.3.9"
Forrest Gump ,1994,2h 22min,8.8,https://www.imdb.com/title/tt0109830/?ref_=adv_li_tt,Drama,"Mozilla/5.0 (Macintosh; Intel Mac OS X 10_11_2) AppleWebKit/601.3.9 (KHTML, like Gecko) Version/9.0.2 Safari/601.3.9"
"The Good, the Bad and the Ugly ",1966,2h 58min,8.8,https://www.imdb.com/title/tt0060196/?ref_=adv_li_tt,Western,"Mozilla/5.0 (Macintosh; Intel Mac OS X 10_11_2) AppleWebKit/601.3.9 (KHTML, like Gecko) Version/9.0.2 Safari/601.3.9"
Fight Club ,1999,2h 19min,8.8,https://www.imdb.com/title/tt0137523/?ref_=adv_li_tt,Drama,"Mozilla/5.0 (Macintosh; Intel Mac OS X 10_11_2) AppleWebKit/601.3.9 (KHTML, like Gecko) Version/9.0.2 Safari/601.3.9"
The Lord of the Rings: The Fellowship of the Ring ,2001,2h 58min,8.8,https://www.imdb.com/title/tt0120737/?ref_=adv_li_tt,Adventure,"Mozilla/5.0 (Macintosh; Intel Mac OS X 10_11_2) AppleWebKit/601.3.9 (KHTML, like Gecko) Version/9.0.2 Safari/601.3.9"
12 Angry Men ,1957,1h 36min,8.9,https://www.imdb.com/title/tt0050083/?ref_=adv_li_tt,Drama,"Mozilla/5.0 (Macintosh; Intel Mac OS X 10_11_2) AppleWebKit/601.3.9 (KHTML, like Gecko) Version/9.0.2 Safari/601.3.9"
Schindler's List ,1993,3h 15min,8.9,https://www.imdb.com/title/tt0108052/?ref_=adv_li_tt,Biography,"Mozilla/5.0 (Macintosh; Intel Mac OS X 10_11_2) AppleWebKit/601.3.9 (KHTML, like Gecko) Version/9.0.2 Safari/601.3.9"
Inception ,2010,2h 28min,8.8,https://www.imdb.com/title/tt1375666/?ref_=adv_li_tt,Action,"Mozilla/5.0 (Macintosh; Intel Mac OS X 10_11_2) AppleWebKit/601.3.9 (KHTML, like Gecko) Version/9.0.2 Safari/601.3.9"
Pulp Fiction ,1994,2h 34min,8.9,https://www.imdb.com/title/tt0110912/?ref_=adv_li_tt,Crime,"Mozilla/5.0 (Macintosh; Intel Mac OS X 10_11_2) AppleWebKit/601.3.9 (KHTML, like Gecko) Version/9.0.2 Safari/601.3.9"
The Lord of the Rings: The Return of the King ,2003,3h 21min,8.9,https://www.imdb.com/title/tt0167260/?ref_=adv_li_tt,Adventure,"Mozilla/5.0 (Macintosh; Intel Mac OS X 10_11_2) AppleWebKit/601.3.9 (KHTML, like Gecko) Version/9.0.2 Safari/601.3.9"
The Godfather: Part II ,1974,3h 22min,9.0,https://www.imdb.com/title/tt0071562/?ref_=adv_li_tt,Crime,"Mozilla/5.0 (Macintosh; Intel Mac OS X 10_11_2) AppleWebKit/601.3.9 (KHTML, like Gecko) Version/9.0.2 Safari/601.3.9"
The Godfather ,1972,2h 55min,9.2,https://www.imdb.com/title/tt0068646/?ref_=adv_li_tt,Crime,"Mozilla/5.0 (Macintosh; Intel Mac OS X 10_11_2) AppleWebKit/601.3.9 (KHTML, like Gecko) Version/9.0.2 Safari/601.3.9"
The Dark Knight ,2008,2h 32min,9.0,https://www.imdb.com/title/tt0468569/?ref_=adv_li_tt,Action,"Mozilla/5.0 (Macintosh; Intel Mac OS X 10_11_2) AppleWebKit/601.3.9 (KHTML, like Gecko) Version/9.0.2 Safari/601.3.9"
