url,img_url,name,price
https://www.glassesshop.com/eyeglasses/fz1370,"https://glassesshop-res.cloudinary.com/w_800,h_400,c_pad/products/201907/5d268bd88f69a.jpg",Maltz - Pink Tortoise,$29.95
https://www.glassesshop.com/eyeglasses/fm1387,"https://glassesshop-res.cloudinary.com/w_800,h_400,c_pad/products/201906/5d031896311f6.jpg",Celia - Rose Gold,$19.95
https://www.glassesshop.com/eyeglasses/fm1385,"https://glassesshop-res.cloudinary.com/w_800,h_400,c_pad/products/201906/5d031896295ff.jpg",Celestia - Black/Golden,$19.95
https://www.glassesshop.com/eyeglasses/fp1903,"https://glassesshop-res.cloudinary.com/w_800,h_400,c_pad/products/201905/5ce3ad100f3fe.jpg",Jinbee - Brown/Multicolor,$19.95
https://www.glassesshop.com/eyeglasses/fz1297,"https://glassesshop-res.cloudinary.com/w_800,h_400,c_pad/products/201901/5c3403881a8fe.jpg",Hume - Tortoise/Brown,$29.95
,,,
https://www.glassesshop.com/eyeglasses/fz1268,"https://glassesshop-res.cloudinary.com/w_800,h_400,c_pad/products/201810/5bbc509cc7c07.jpg",Genevieve - Tortoise,$34.95
https://www.glassesshop.com/eyeglasses/fz1208,"https://glassesshop-res.cloudinary.com/w_800,h_400,c_pad/products/201807/5b4c5f6565a61.jpg",Pete - Crystal,$39.95
https://www.glassesshop.com/eyeglasses/fp1649,"https://glassesshop-res.cloudinary.com/w_800,h_400,c_pad/products/201908/5d4d18d0e18b7.jpg",Owen - Blue/Crystal,$19.95
https://www.glassesshop.com/eyeglasses/fm1271,"https://glassesshop-res.cloudinary.com/w_800,h_400,c_pad/products/201807/5b4c4d7b98167.jpg",Omar - Gunmetal,$19.95
https://www.glassesshop.com/eyeglasses/fp1281,"https://glassesshop-res.cloudinary.com/w_800,h_400,c_pad/products/201701/587f15a44801d.jpg",Wood - Crystal/Tortoise,$29.95
https://www.glassesshop.com/eyeglasses/fp1643,"https://glassesshop-res.cloudinary.com/w_800,h_400,c_pad/products/201805/5afe7e88af2fc.jpg",Isaiah - Tortoise,$19.95
https://www.glassesshop.com/eyeglasses/fz1088,"https://glassesshop-res.cloudinary.com/w_800,h_400,c_pad/products/201805/5af25c0791bb4.jpg",Mandy - Crystal,$29.95
https://www.glassesshop.com/eyeglasses/fz1320,"https://glassesshop-res.cloudinary.com/w_800,h_400,c_pad/products/201906/5cf8ca4eb5fb5.jpg",Vogt - Multicolor,$29.95
https://www.glassesshop.com/eyeglasses/fp1831,"https://glassesshop-res.cloudinary.com/w_800,h_400,c_pad/products/201904/5cb69b5102348.jpg",Tacab - Gray,$19.95
https://www.glassesshop.com/eyeglasses/fm1354,"https://glassesshop-res.cloudinary.com/w_800,h_400,c_pad/products/201812/5c2436744ec7f.jpg",Haywood - Black/Rose Gold,$29.95
https://www.glassesshop.com/eyeglasses/fp1568,"https://glassesshop-res.cloudinary.com/w_800,h_400,c_pad/products/201803/5ab495a47a944.jpg",Cooksville - Tortoise,$24.95
https://www.glassesshop.com/eyeglasses/fp1935,"https://glassesshop-res.cloudinary.com/w_800,h_400,c_pad/products/201908/5d4d19331a49d.jpg",Lizzie - Black/Silver,$24.95
https://www.glassesshop.com/eyeglasses/fz1375,"https://glassesshop-res.cloudinary.com/w_800,h_400,c_pad/products/201907/5d2d2660a22b3.jpg",Bobosa - Pink/Tortoise,$29.95
https://www.glassesshop.com/eyeglasses/fz1269,"https://glassesshop-res.cloudinary.com/w_800,h_400,c_pad/products/201810/5bbc509cca408.jpg",Genevieve - Purple Tortoise,$34.95
https://www.glassesshop.com/eyeglasses/fm1017,"https://glassesshop-res.cloudinary.com/w_800,h_400,c_pad/products/201805/5af13c7ed9208.jpg",Brunswick - Black,$29.95
https://www.glassesshop.com/eyeglasses/fp0611,"https://glassesshop-res.cloudinary.com/w_800,h_400,c_pad/products/201703/58dcb60839138.jpg",Sudbury - Black,"
                                        "
https://www.glassesshop.com/eyeglasses/fz1358,"https://glassesshop-res.cloudinary.com/w_800,h_400,c_pad/products/201907/5d1dad7e8b665.jpg",Milne - Crystal,$29.95
https://www.glassesshop.com/eyeglasses/fp1828,"https://glassesshop-res.cloudinary.com/w_800,h_400,c_pad/products/201904/5cb69b42234af.jpg",Averies - Pink,$19.95
https://www.glassesshop.com/eyeglasses/fp1841,"https://glassesshop-res.cloudinary.com/w_800,h_400,c_pad/products/201904/5cb69b512d7b0.jpg",Buttler - Black,$19.95
https://www.glassesshop.com/eyeglasses/fz1298,"https://glassesshop-res.cloudinary.com/w_800,h_400,c_pad/products/201901/5c3403881d955.jpg",Hume - Brown/Crystal,$29.95
https://www.glassesshop.com/eyeglasses/sm0876,"https://glassesshop-res.cloudinary.com/w_800,h_400,c_pad/products/201812/5c24368513a4f.jpg",Horatio - Gunmetal,$19.95
https://www.glassesshop.com/eyeglasses/fp1765,"https://glassesshop-res.cloudinary.com/w_800,h_400,c_pad/products/201808/5b7e0ee299d9f.jpg",Audrey - Black,$24.95
https://www.glassesshop.com/eyeglasses/fp1764,"https://glassesshop-res.cloudinary.com/w_800,h_400,c_pad/products/201808/5b7e0ee2975f3.jpg",Arlene - Purple,$24.95
https://www.glassesshop.com/eyeglasses/fp1762,"https://glassesshop-res.cloudinary.com/w_800,h_400,c_pad/products/201808/5b7e0ee291eff.jpg",Arlene - Black,$24.95
https://www.glassesshop.com/eyeglasses/fp1727,"https://glassesshop-res.cloudinary.com/w_800,h_400,c_pad/products/201807/5b3dcff30c19c.jpg",Dove - Tortoise,$34.95
https://www.glassesshop.com/eyeglasses/fp1718,"https://glassesshop-res.cloudinary.com/w_800,h_400,c_pad/products/201805/5b03bc7688e76.jpg",Jean - Tortoise,$19.95
https://www.glassesshop.com/eyeglasses/fp1661,"https://glassesshop-res.cloudinary.com/w_800,h_400,c_pad/products/201805/5af16009d7b28.jpg",Derrick - Black/Golden,$24.95
https://www.glassesshop.com/eyeglasses/fp1560,"https://glassesshop-res.cloudinary.com/w_800,h_400,c_pad/products/201801/5a6581ecbd7f1.jpg",Buffalo - Black,$24.95
https://www.glassesshop.com/eyeglasses/fp1504,"https://glassesshop-res.cloudinary.com/w_800,h_400,c_pad/products/201712/5a2f936dd2b85.jpg",Joyce - Brown,$12.95
https://www.glassesshop.com/eyeglasses/fp1457,"https://glassesshop-res.cloudinary.com/w_800,h_400,c_pad/products/201711/59fd65025f7ef.jpg",Zoe - Purple,$19.95
https://www.glassesshop.com/eyeglasses/fp1364,"https://glassesshop-res.cloudinary.com/w_800,h_400,c_pad/products/201808/5b873cb01e9f7.jpg",Evansville - Blue,$19.95
https://www.glassesshop.com/eyeglasses/sup0711,"https://glassesshop-res.cloudinary.com/w_800,h_400,c_pad/products/201907/5d268bd89da12.jpg",Marlowe - Rose Gold,$19.95
https://www.glassesshop.com/eyeglasses/fp1913,"https://glassesshop-res.cloudinary.com/w_800,h_400,c_pad/products/201906/5d0318964c8a2.jpg",Cecilia - Black/Red,$29.95
https://www.glassesshop.com/eyeglasses/sup0700,"https://glassesshop-res.cloudinary.com/w_800,h_400,c_pad/products/201906/5cff70bbe91a2.jpg",Nodia - Black,$29.95
https://www.glassesshop.com/eyeglasses/fp1902,"https://glassesshop-res.cloudinary.com/w_800,h_400,c_pad/products/201905/5ce3acf5d8bc6.jpg",Jinbee - Black/Multicolor,$19.95
https://www.glassesshop.com/eyeglasses/sup0677,"https://glassesshop-res.cloudinary.com/w_800,h_400,c_pad/products/201905/5cd397d084be6.jpg",Rusa - Purple,$19.95
https://www.glassesshop.com/eyeglasses/sm0885,"https://glassesshop-res.cloudinary.com/w_800,h_400,c_pad/products/201905/5cdcb3e76ce02.jpg",Sherwood - Gunmetal,$29.95
https://www.glassesshop.com/eyeglasses/fp1834,"https://glassesshop-res.cloudinary.com/w_800,h_400,c_pad/products/201904/5cb69b510ef0c.jpg",Tacab - Purple,"
                                        "
https://www.glassesshop.com/eyeglasses/fp1832,"https://glassesshop-res.cloudinary.com/w_800,h_400,c_pad/products/201904/5cb69b5107170.jpg",Tacab - Red,$19.95
https://www.glassesshop.com/eyeglasses/fp1830,"https://glassesshop-res.cloudinary.com/w_800,h_400,c_pad/products/201904/5cb69b4231106.jpg",Averies - Mblack,$19.95
https://www.glassesshop.com/eyeglasses/fp1812,"https://glassesshop-res.cloudinary.com/w_800,h_400,c_pad/products/201910/5db296d9b7131.jpg",Binghamton - Brown,"
                                        "
https://www.glassesshop.com/eyeglasses/fp1774,"https://glassesshop-res.cloudinary.com/w_800,h_400,c_pad/products/201809/5bac31dd1cca8.jpg",Winchester - Black,$19.95
https://www.glassesshop.com/eyeglasses/fp1773,"https://glassesshop-res.cloudinary.com/w_800,h_400,c_pad/products/201809/5bac31dd1a36c.jpg",Winchester - Blue,$19.95
https://www.glassesshop.com/eyeglasses/fp1771,"https://glassesshop-res.cloudinary.com/w_800,h_400,c_pad/products/201809/5bac31dd1506f.jpg",Winchester - MBlack,"
                                        "
https://www.glassesshop.com/eyeglasses/fp1770,"https://glassesshop-res.cloudinary.com/w_800,h_400,c_pad/products/201809/5bac31dd12811.jpg",Winchester - Tortoise,$19.95
https://www.glassesshop.com/eyeglasses/fp1758,"https://glassesshop-res.cloudinary.com/w_800,h_400,c_pad/products/201807/5b5fdc2d6f460.jpg",Nathan - Black,$29.95
https://www.glassesshop.com/eyeglasses/fp1747,"https://glassesshop-res.cloudinary.com/w_800,h_400,c_pad/products/201807/5b5fc22e9933f.jpg",Murphy - Tortoise,$39.95
https://www.glassesshop.com/eyeglasses/fp1746,"https://glassesshop-res.cloudinary.com/w_800,h_400,c_pad/products/201811/5bebc0387547c.jpg",Murphy - Black,$39.95
https://www.glassesshop.com/eyeglasses/fz1207,"https://glassesshop-res.cloudinary.com/w_800,h_400,c_pad/products/201807/5b4c5f5d54841.jpg",Pete - Tortoise,$29.95
https://www.glassesshop.com/eyeglasses/fp1662,"https://glassesshop-res.cloudinary.com/w_800,h_400,c_pad/products/201806/5b10dff1e3d4d.jpg",Earl - Black/Crystal,$19.95
https://www.glassesshop.com/eyeglasses/fp1675,"https://glassesshop-res.cloudinary.com/w_800,h_400,c_pad/products/201806/5b10e0e979ef0.jpg",Dillon - Gray,$24.95
https://www.glassesshop.com/eyeglasses/fp1694,"https://glassesshop-res.cloudinary.com/w_800,h_400,c_pad/products/201805/5b03be967b506.jpg",Lexingto - Clear Pattern,$19.95
https://www.glassesshop.com/eyeglasses/fp1697,"https://glassesshop-res.cloudinary.com/w_800,h_400,c_pad/products/201805/5b03beaa13479.jpg",Novia - Black/Crystal,$19.95
https://www.glassesshop.com/eyeglasses/fp1642,"https://glassesshop-res.cloudinary.com/w_800,h_400,c_pad/products/201910/5db26823a6070.jpg",Isaiah - Blue,$19.95
https://www.glassesshop.com/eyeglasses/fp1508,"https://glassesshop-res.cloudinary.com/w_800,h_400,c_pad/products/201807/5b3b102ed9395.jpg",Bruno - Black,"
                                        "
https://www.glassesshop.com/eyeglasses/sm0787,"https://glassesshop-res.cloudinary.com/w_800,h_400,c_pad/products/201811/5bff5bf283882.jpg",Darcy - Black,$19.95
https://www.glassesshop.com/eyeglasses/fp1456,"https://glassesshop-res.cloudinary.com/w_800,h_400,c_pad/products/201909/5d8d74c323898.jpg",Zoe - Black/Purple,$19.95
https://www.glassesshop.com/eyeglasses/fz1094,"https://glassesshop-res.cloudinary.com/w_800,h_400,c_pad/products/201811/5bff5bf27139c.jpg",Buckeye - Pink,$29.95
https://www.glassesshop.com/eyeglasses/fz1090,"https://glassesshop-res.cloudinary.com/w_800,h_400,c_pad/products/201710/59e01c58d5a53.jpg",Mandy - Black,$29.95
https://www.glassesshop.com/eyeglasses/fp1326,"https://glassesshop-res.cloudinary.com/w_800,h_400,c_pad/products/201705/5912aaac54269.jpg",West - Black,$19.95
url,img_url,name,price
https://www.glassesshop.com/eyeglasses/fz1370,"https://glassesshop-res.cloudinary.com/w_800,h_400,c_pad/products/201907/5d268bd88f69a.jpg",Maltz - Pink Tortoise,$29.95
https://www.glassesshop.com/eyeglasses/fm1387,"https://glassesshop-res.cloudinary.com/w_800,h_400,c_pad/products/201906/5d031896311f6.jpg",Celia - Rose Gold,$19.95
https://www.glassesshop.com/eyeglasses/fm1385,"https://glassesshop-res.cloudinary.com/w_800,h_400,c_pad/products/201906/5d031896295ff.jpg",Celestia - Black/Golden,$19.95
https://www.glassesshop.com/eyeglasses/fp1903,"https://glassesshop-res.cloudinary.com/w_800,h_400,c_pad/products/201905/5ce3ad100f3fe.jpg",Jinbee - Brown/Multicolor,$19.95
https://www.glassesshop.com/eyeglasses/fz1297,"https://glassesshop-res.cloudinary.com/w_800,h_400,c_pad/products/201901/5c3403881a8fe.jpg",Hume - Tortoise/Brown,$29.95
,,,
https://www.glassesshop.com/eyeglasses/fz1268,"https://glassesshop-res.cloudinary.com/w_800,h_400,c_pad/products/201810/5bbc509cc7c07.jpg",Genevieve - Tortoise,$34.95
https://www.glassesshop.com/eyeglasses/fz1208,"https://glassesshop-res.cloudinary.com/w_800,h_400,c_pad/products/201807/5b4c5f6565a61.jpg",Pete - Crystal,$39.95
https://www.glassesshop.com/eyeglasses/fp1649,"https://glassesshop-res.cloudinary.com/w_800,h_400,c_pad/products/201908/5d4d18d0e18b7.jpg",Owen - Blue/Crystal,$19.95
https://www.glassesshop.com/eyeglasses/fm1271,"https://glassesshop-res.cloudinary.com/w_800,h_400,c_pad/products/201807/5b4c4d7b98167.jpg",Omar - Gunmetal,$19.95
https://www.glassesshop.com/eyeglasses/fp1281,"https://glassesshop-res.cloudinary.com/w_800,h_400,c_pad/products/201701/587f15a44801d.jpg",Wood - Crystal/Tortoise,$29.95
https://www.glassesshop.com/eyeglasses/fp1643,"https://glassesshop-res.cloudinary.com/w_800,h_400,c_pad/products/201805/5afe7e88af2fc.jpg",Isaiah - Tortoise,$19.95
https://www.glassesshop.com/eyeglasses/fz1088,"https://glassesshop-res.cloudinary.com/w_800,h_400,c_pad/products/201805/5af25c0791bb4.jpg",Mandy - Crystal,$29.95
https://www.glassesshop.com/eyeglasses/fz1320,"https://glassesshop-res.cloudinary.com/w_800,h_400,c_pad/products/201906/5cf8ca4eb5fb5.jpg",Vogt - Multicolor,$29.95
https://www.glassesshop.com/eyeglasses/fp1831,"https://glassesshop-res.cloudinary.com/w_800,h_400,c_pad/products/201904/5cb69b5102348.jpg",Tacab - Gray,$19.95
https://www.glassesshop.com/eyeglasses/fm1354,"https://glassesshop-res.cloudinary.com/w_800,h_400,c_pad/products/201812/5c2436744ec7f.jpg",Haywood - Black/Rose Gold,$29.95
https://www.glassesshop.com/eyeglasses/fp1568,"https://glassesshop-res.cloudinary.com/w_800,h_400,c_pad/products/201803/5ab495a47a944.jpg",Cooksville - Tortoise,$24.95
https://www.glassesshop.com/eyeglasses/fp1935,"https://glassesshop-res.cloudinary.com/w_800,h_400,c_pad/products/201908/5d4d19331a49d.jpg",Lizzie - Black/Silver,$24.95
https://www.glassesshop.com/eyeglasses/fz1375,"https://glassesshop-res.cloudinary.com/w_800,h_400,c_pad/products/201907/5d2d2660a22b3.jpg",Bobosa - Pink/Tortoise,$29.95
https://www.glassesshop.com/eyeglasses/fz1269,"https://glassesshop-res.cloudinary.com/w_800,h_400,c_pad/products/201810/5bbc509cca408.jpg",Genevieve - Purple Tortoise,$34.95
https://www.glassesshop.com/eyeglasses/fm1017,"https://glassesshop-res.cloudinary.com/w_800,h_400,c_pad/products/201805/5af13c7ed9208.jpg",Brunswick - Black,$29.95
https://www.glassesshop.com/eyeglasses/fp0611,"https://glassesshop-res.cloudinary.com/w_800,h_400,c_pad/products/201703/58dcb60839138.jpg",Sudbury - Black,"
                                        "
https://www.glassesshop.com/eyeglasses/fz1358,"https://glassesshop-res.cloudinary.com/w_800,h_400,c_pad/products/201907/5d1dad7e8b665.jpg",Milne - Crystal,$29.95
https://www.glassesshop.com/eyeglasses/fp1828,"https://glassesshop-res.cloudinary.com/w_800,h_400,c_pad/products/201904/5cb69b42234af.jpg",Averies - Pink,$19.95
https://www.glassesshop.com/eyeglasses/fp1841,"https://glassesshop-res.cloudinary.com/w_800,h_400,c_pad/products/201904/5cb69b512d7b0.jpg",Buttler - Black,$19.95
https://www.glassesshop.com/eyeglasses/fz1298,"https://glassesshop-res.cloudinary.com/w_800,h_400,c_pad/products/201901/5c3403881d955.jpg",Hume - Brown/Crystal,$29.95
https://www.glassesshop.com/eyeglasses/sm0876,"https://glassesshop-res.cloudinary.com/w_800,h_400,c_pad/products/201812/5c24368513a4f.jpg",Horatio - Gunmetal,$19.95
https://www.glassesshop.com/eyeglasses/fp1765,"https://glassesshop-res.cloudinary.com/w_800,h_400,c_pad/products/201808/5b7e0ee299d9f.jpg",Audrey - Black,$24.95
https://www.glassesshop.com/eyeglasses/fp1764,"https://glassesshop-res.cloudinary.com/w_800,h_400,c_pad/products/201808/5b7e0ee2975f3.jpg",Arlene - Purple,$24.95
https://www.glassesshop.com/eyeglasses/fp1762,"https://glassesshop-res.cloudinary.com/w_800,h_400,c_pad/products/201808/5b7e0ee291eff.jpg",Arlene - Black,$24.95
https://www.glassesshop.com/eyeglasses/fp1727,"https://glassesshop-res.cloudinary.com/w_800,h_400,c_pad/products/201807/5b3dcff30c19c.jpg",Dove - Tortoise,$34.95
https://www.glassesshop.com/eyeglasses/fp1718,"https://glassesshop-res.cloudinary.com/w_800,h_400,c_pad/products/201805/5b03bc7688e76.jpg",Jean - Tortoise,$19.95
https://www.glassesshop.com/eyeglasses/fp1661,"https://glassesshop-res.cloudinary.com/w_800,h_400,c_pad/products/201805/5af16009d7b28.jpg",Derrick - Black/Golden,$24.95
https://www.glassesshop.com/eyeglasses/fp1560,"https://glassesshop-res.cloudinary.com/w_800,h_400,c_pad/products/201801/5a6581ecbd7f1.jpg",Buffalo - Black,$24.95
https://www.glassesshop.com/eyeglasses/fp1504,"https://glassesshop-res.cloudinary.com/w_800,h_400,c_pad/products/201712/5a2f936dd2b85.jpg",Joyce - Brown,$12.95
https://www.glassesshop.com/eyeglasses/fp1457,"https://glassesshop-res.cloudinary.com/w_800,h_400,c_pad/products/201711/59fd65025f7ef.jpg",Zoe - Purple,$19.95
https://www.glassesshop.com/eyeglasses/fp1364,"https://glassesshop-res.cloudinary.com/w_800,h_400,c_pad/products/201808/5b873cb01e9f7.jpg",Evansville - Blue,$19.95
https://www.glassesshop.com/eyeglasses/sup0711,"https://glassesshop-res.cloudinary.com/w_800,h_400,c_pad/products/201907/5d268bd89da12.jpg",Marlowe - Rose Gold,$19.95
https://www.glassesshop.com/eyeglasses/fp1913,"https://glassesshop-res.cloudinary.com/w_800,h_400,c_pad/products/201906/5d0318964c8a2.jpg",Cecilia - Black/Red,$29.95
https://www.glassesshop.com/eyeglasses/sup0700,"https://glassesshop-res.cloudinary.com/w_800,h_400,c_pad/products/201906/5cff70bbe91a2.jpg",Nodia - Black,$29.95
https://www.glassesshop.com/eyeglasses/fp1902,"https://glassesshop-res.cloudinary.com/w_800,h_400,c_pad/products/201905/5ce3acf5d8bc6.jpg",Jinbee - Black/Multicolor,$19.95
https://www.glassesshop.com/eyeglasses/sup0677,"https://glassesshop-res.cloudinary.com/w_800,h_400,c_pad/products/201905/5cd397d084be6.jpg",Rusa - Purple,$19.95
https://www.glassesshop.com/eyeglasses/sm0885,"https://glassesshop-res.cloudinary.com/w_800,h_400,c_pad/products/201905/5cdcb3e76ce02.jpg",Sherwood - Gunmetal,$29.95
https://www.glassesshop.com/eyeglasses/fp1834,"https://glassesshop-res.cloudinary.com/w_800,h_400,c_pad/products/201904/5cb69b510ef0c.jpg",Tacab - Purple,"
                                        "
https://www.glassesshop.com/eyeglasses/fp1832,"https://glassesshop-res.cloudinary.com/w_800,h_400,c_pad/products/201904/5cb69b5107170.jpg",Tacab - Red,$19.95
https://www.glassesshop.com/eyeglasses/fp1830,"https://glassesshop-res.cloudinary.com/w_800,h_400,c_pad/products/201904/5cb69b4231106.jpg",Averies - Mblack,$19.95
https://www.glassesshop.com/eyeglasses/fp1812,"https://glassesshop-res.cloudinary.com/w_800,h_400,c_pad/products/201910/5db296d9b7131.jpg",Binghamton - Brown,"
                                        "
https://www.glassesshop.com/eyeglasses/fp1774,"https://glassesshop-res.cloudinary.com/w_800,h_400,c_pad/products/201809/5bac31dd1cca8.jpg",Winchester - Black,$19.95
https://www.glassesshop.com/eyeglasses/fp1773,"https://glassesshop-res.cloudinary.com/w_800,h_400,c_pad/products/201809/5bac31dd1a36c.jpg",Winchester - Blue,$19.95
https://www.glassesshop.com/eyeglasses/fp1771,"https://glassesshop-res.cloudinary.com/w_800,h_400,c_pad/products/201809/5bac31dd1506f.jpg",Winchester - MBlack,"
                                        "
https://www.glassesshop.com/eyeglasses/fp1770,"https://glassesshop-res.cloudinary.com/w_800,h_400,c_pad/products/201809/5bac31dd12811.jpg",Winchester - Tortoise,$19.95
https://www.glassesshop.com/eyeglasses/fp1758,"https://glassesshop-res.cloudinary.com/w_800,h_400,c_pad/products/201807/5b5fdc2d6f460.jpg",Nathan - Black,$29.95
https://www.glassesshop.com/eyeglasses/fp1747,"https://glassesshop-res.cloudinary.com/w_800,h_400,c_pad/products/201807/5b5fc22e9933f.jpg",Murphy - Tortoise,$39.95
https://www.glassesshop.com/eyeglasses/fp1746,"https://glassesshop-res.cloudinary.com/w_800,h_400,c_pad/products/201811/5bebc0387547c.jpg",Murphy - Black,$39.95
https://www.glassesshop.com/eyeglasses/fz1207,"https://glassesshop-res.cloudinary.com/w_800,h_400,c_pad/products/201807/5b4c5f5d54841.jpg",Pete - Tortoise,$29.95
https://www.glassesshop.com/eyeglasses/fp1662,"https://glassesshop-res.cloudinary.com/w_800,h_400,c_pad/products/201806/5b10dff1e3d4d.jpg",Earl - Black/Crystal,$19.95
https://www.glassesshop.com/eyeglasses/fp1675,"https://glassesshop-res.cloudinary.com/w_800,h_400,c_pad/products/201806/5b10e0e979ef0.jpg",Dillon - Gray,$24.95
https://www.glassesshop.com/eyeglasses/fp1694,"https://glassesshop-res.cloudinary.com/w_800,h_400,c_pad/products/201805/5b03be967b506.jpg",Lexingto - Clear Pattern,$19.95
https://www.glassesshop.com/eyeglasses/fp1697,"https://glassesshop-res.cloudinary.com/w_800,h_400,c_pad/products/201805/5b03beaa13479.jpg",Novia - Black/Crystal,$19.95
https://www.glassesshop.com/eyeglasses/fp1642,"https://glassesshop-res.cloudinary.com/w_800,h_400,c_pad/products/201910/5db26823a6070.jpg",Isaiah - Blue,$19.95
https://www.glassesshop.com/eyeglasses/fp1508,"https://glassesshop-res.cloudinary.com/w_800,h_400,c_pad/products/201807/5b3b102ed9395.jpg",Bruno - Black,"
                                        "
https://www.glassesshop.com/eyeglasses/sm0787,"https://glassesshop-res.cloudinary.com/w_800,h_400,c_pad/products/201811/5bff5bf283882.jpg",Darcy - Black,$19.95
https://www.glassesshop.com/eyeglasses/fp1456,"https://glassesshop-res.cloudinary.com/w_800,h_400,c_pad/products/201909/5d8d74c323898.jpg",Zoe - Black/Purple,$19.95
https://www.glassesshop.com/eyeglasses/fz1094,"https://glassesshop-res.cloudinary.com/w_800,h_400,c_pad/products/201811/5bff5bf27139c.jpg",Buckeye - Pink,$29.95
https://www.glassesshop.com/eyeglasses/fz1090,"https://glassesshop-res.cloudinary.com/w_800,h_400,c_pad/products/201710/59e01c58d5a53.jpg",Mandy - Black,$29.95
https://www.glassesshop.com/eyeglasses/fp1326,"https://glassesshop-res.cloudinary.com/w_800,h_400,c_pad/products/201705/5912aaac54269.jpg",West - Black,$19.95
url,img_url,name,price
https://www.glassesshop.com/eyeglasses/fz1370,"https://glassesshop-res.cloudinary.com/w_800,h_400,c_pad/products/201907/5d268bd88f69a.jpg",Maltz - Pink Tortoise,$29.95
https://www.glassesshop.com/eyeglasses/fm1387,"https://glassesshop-res.cloudinary.com/w_800,h_400,c_pad/products/201906/5d031896311f6.jpg",Celia - Rose Gold,$19.95
https://www.glassesshop.com/eyeglasses/fm1385,"https://glassesshop-res.cloudinary.com/w_800,h_400,c_pad/products/201906/5d031896295ff.jpg",Celestia - Black/Golden,$19.95
https://www.glassesshop.com/eyeglasses/fp1903,"https://glassesshop-res.cloudinary.com/w_800,h_400,c_pad/products/201905/5ce3ad100f3fe.jpg",Jinbee - Brown/Multicolor,$19.95
https://www.glassesshop.com/eyeglasses/fz1297,"https://glassesshop-res.cloudinary.com/w_800,h_400,c_pad/products/201901/5c3403881a8fe.jpg",Hume - Tortoise/Brown,$29.95
,,,
https://www.glassesshop.com/eyeglasses/fz1268,"https://glassesshop-res.cloudinary.com/w_800,h_400,c_pad/products/201810/5bbc509cc7c07.jpg",Genevieve - Tortoise,$34.95
https://www.glassesshop.com/eyeglasses/fz1208,"https://glassesshop-res.cloudinary.com/w_800,h_400,c_pad/products/201807/5b4c5f6565a61.jpg",Pete - Crystal,$39.95
https://www.glassesshop.com/eyeglasses/fp1649,"https://glassesshop-res.cloudinary.com/w_800,h_400,c_pad/products/201908/5d4d18d0e18b7.jpg",Owen - Blue/Crystal,$19.95
https://www.glassesshop.com/eyeglasses/fm1271,"https://glassesshop-res.cloudinary.com/w_800,h_400,c_pad/products/201807/5b4c4d7b98167.jpg",Omar - Gunmetal,$19.95
https://www.glassesshop.com/eyeglasses/fp1281,"https://glassesshop-res.cloudinary.com/w_800,h_400,c_pad/products/201701/587f15a44801d.jpg",Wood - Crystal/Tortoise,$29.95
https://www.glassesshop.com/eyeglasses/fp1643,"https://glassesshop-res.cloudinary.com/w_800,h_400,c_pad/products/201805/5afe7e88af2fc.jpg",Isaiah - Tortoise,$19.95
https://www.glassesshop.com/eyeglasses/fz1088,"https://glassesshop-res.cloudinary.com/w_800,h_400,c_pad/products/201805/5af25c0791bb4.jpg",Mandy - Crystal,$29.95
https://www.glassesshop.com/eyeglasses/fz1320,"https://glassesshop-res.cloudinary.com/w_800,h_400,c_pad/products/201906/5cf8ca4eb5fb5.jpg",Vogt - Multicolor,$29.95
https://www.glassesshop.com/eyeglasses/fp1831,"https://glassesshop-res.cloudinary.com/w_800,h_400,c_pad/products/201904/5cb69b5102348.jpg",Tacab - Gray,$19.95
https://www.glassesshop.com/eyeglasses/fm1354,"https://glassesshop-res.cloudinary.com/w_800,h_400,c_pad/products/201812/5c2436744ec7f.jpg",Haywood - Black/Rose Gold,$29.95
https://www.glassesshop.com/eyeglasses/fp1568,"https://glassesshop-res.cloudinary.com/w_800,h_400,c_pad/products/201803/5ab495a47a944.jpg",Cooksville - Tortoise,$24.95
https://www.glassesshop.com/eyeglasses/fp1935,"https://glassesshop-res.cloudinary.com/w_800,h_400,c_pad/products/201908/5d4d19331a49d.jpg",Lizzie - Black/Silver,$24.95
https://www.glassesshop.com/eyeglasses/fz1375,"https://glassesshop-res.cloudinary.com/w_800,h_400,c_pad/products/201907/5d2d2660a22b3.jpg",Bobosa - Pink/Tortoise,$29.95
https://www.glassesshop.com/eyeglasses/fz1269,"https://glassesshop-res.cloudinary.com/w_800,h_400,c_pad/products/201810/5bbc509cca408.jpg",Genevieve - Purple Tortoise,$34.95
https://www.glassesshop.com/eyeglasses/fm1017,"https://glassesshop-res.cloudinary.com/w_800,h_400,c_pad/products/201805/5af13c7ed9208.jpg",Brunswick - Black,$29.95
https://www.glassesshop.com/eyeglasses/fp0611,"https://glassesshop-res.cloudinary.com/w_800,h_400,c_pad/products/201703/58dcb60839138.jpg",Sudbury - Black,"
                                        "
https://www.glassesshop.com/eyeglasses/fz1358,"https://glassesshop-res.cloudinary.com/w_800,h_400,c_pad/products/201907/5d1dad7e8b665.jpg",Milne - Crystal,$29.95
https://www.glassesshop.com/eyeglasses/fp1828,"https://glassesshop-res.cloudinary.com/w_800,h_400,c_pad/products/201904/5cb69b42234af.jpg",Averies - Pink,$19.95
https://www.glassesshop.com/eyeglasses/fp1841,"https://glassesshop-res.cloudinary.com/w_800,h_400,c_pad/products/201904/5cb69b512d7b0.jpg",Buttler - Black,$19.95
https://www.glassesshop.com/eyeglasses/fz1298,"https://glassesshop-res.cloudinary.com/w_800,h_400,c_pad/products/201901/5c3403881d955.jpg",Hume - Brown/Crystal,$29.95
https://www.glassesshop.com/eyeglasses/sm0876,"https://glassesshop-res.cloudinary.com/w_800,h_400,c_pad/products/201812/5c24368513a4f.jpg",Horatio - Gunmetal,$19.95
https://www.glassesshop.com/eyeglasses/fp1765,"https://glassesshop-res.cloudinary.com/w_800,h_400,c_pad/products/201808/5b7e0ee299d9f.jpg",Audrey - Black,$24.95
https://www.glassesshop.com/eyeglasses/fp1764,"https://glassesshop-res.cloudinary.com/w_800,h_400,c_pad/products/201808/5b7e0ee2975f3.jpg",Arlene - Purple,$24.95
https://www.glassesshop.com/eyeglasses/fp1762,"https://glassesshop-res.cloudinary.com/w_800,h_400,c_pad/products/201808/5b7e0ee291eff.jpg",Arlene - Black,$24.95
https://www.glassesshop.com/eyeglasses/fp1727,"https://glassesshop-res.cloudinary.com/w_800,h_400,c_pad/products/201807/5b3dcff30c19c.jpg",Dove - Tortoise,$34.95
https://www.glassesshop.com/eyeglasses/fp1718,"https://glassesshop-res.cloudinary.com/w_800,h_400,c_pad/products/201805/5b03bc7688e76.jpg",Jean - Tortoise,$19.95
https://www.glassesshop.com/eyeglasses/fp1661,"https://glassesshop-res.cloudinary.com/w_800,h_400,c_pad/products/201805/5af16009d7b28.jpg",Derrick - Black/Golden,$24.95
https://www.glassesshop.com/eyeglasses/fp1560,"https://glassesshop-res.cloudinary.com/w_800,h_400,c_pad/products/201801/5a6581ecbd7f1.jpg",Buffalo - Black,$24.95
https://www.glassesshop.com/eyeglasses/fp1504,"https://glassesshop-res.cloudinary.com/w_800,h_400,c_pad/products/201712/5a2f936dd2b85.jpg",Joyce - Brown,$12.95
https://www.glassesshop.com/eyeglasses/fp1457,"https://glassesshop-res.cloudinary.com/w_800,h_400,c_pad/products/201711/59fd65025f7ef.jpg",Zoe - Purple,$19.95
https://www.glassesshop.com/eyeglasses/fp1364,"https://glassesshop-res.cloudinary.com/w_800,h_400,c_pad/products/201808/5b873cb01e9f7.jpg",Evansville - Blue,$19.95
https://www.glassesshop.com/eyeglasses/sup0711,"https://glassesshop-res.cloudinary.com/w_800,h_400,c_pad/products/201907/5d268bd89da12.jpg",Marlowe - Rose Gold,$19.95
https://www.glassesshop.com/eyeglasses/fp1913,"https://glassesshop-res.cloudinary.com/w_800,h_400,c_pad/products/201906/5d0318964c8a2.jpg",Cecilia - Black/Red,$29.95
https://www.glassesshop.com/eyeglasses/sup0700,"https://glassesshop-res.cloudinary.com/w_800,h_400,c_pad/products/201906/5cff70bbe91a2.jpg",Nodia - Black,$29.95
https://www.glassesshop.com/eyeglasses/fp1902,"https://glassesshop-res.cloudinary.com/w_800,h_400,c_pad/products/201905/5ce3acf5d8bc6.jpg",Jinbee - Black/Multicolor,$19.95
https://www.glassesshop.com/eyeglasses/sup0677,"https://glassesshop-res.cloudinary.com/w_800,h_400,c_pad/products/201905/5cd397d084be6.jpg",Rusa - Purple,$19.95
https://www.glassesshop.com/eyeglasses/sm0885,"https://glassesshop-res.cloudinary.com/w_800,h_400,c_pad/products/201905/5cdcb3e76ce02.jpg",Sherwood - Gunmetal,$29.95
https://www.glassesshop.com/eyeglasses/fp1834,"https://glassesshop-res.cloudinary.com/w_800,h_400,c_pad/products/201904/5cb69b510ef0c.jpg",Tacab - Purple,"
                                        "
https://www.glassesshop.com/eyeglasses/fp1832,"https://glassesshop-res.cloudinary.com/w_800,h_400,c_pad/products/201904/5cb69b5107170.jpg",Tacab - Red,$19.95
https://www.glassesshop.com/eyeglasses/fp1830,"https://glassesshop-res.cloudinary.com/w_800,h_400,c_pad/products/201904/5cb69b4231106.jpg",Averies - Mblack,$19.95
https://www.glassesshop.com/eyeglasses/fp1812,"https://glassesshop-res.cloudinary.com/w_800,h_400,c_pad/products/201910/5db296d9b7131.jpg",Binghamton - Brown,"
                                        "
https://www.glassesshop.com/eyeglasses/fp1774,"https://glassesshop-res.cloudinary.com/w_800,h_400,c_pad/products/201809/5bac31dd1cca8.jpg",Winchester - Black,$19.95
https://www.glassesshop.com/eyeglasses/fp1773,"https://glassesshop-res.cloudinary.com/w_800,h_400,c_pad/products/201809/5bac31dd1a36c.jpg",Winchester - Blue,$19.95
https://www.glassesshop.com/eyeglasses/fp1771,"https://glassesshop-res.cloudinary.com/w_800,h_400,c_pad/products/201809/5bac31dd1506f.jpg",Winchester - MBlack,"
                                        "
https://www.glassesshop.com/eyeglasses/fp1770,"https://glassesshop-res.cloudinary.com/w_800,h_400,c_pad/products/201809/5bac31dd12811.jpg",Winchester - Tortoise,$19.95
https://www.glassesshop.com/eyeglasses/fp1758,"https://glassesshop-res.cloudinary.com/w_800,h_400,c_pad/products/201807/5b5fdc2d6f460.jpg",Nathan - Black,$29.95
https://www.glassesshop.com/eyeglasses/fp1747,"https://glassesshop-res.cloudinary.com/w_800,h_400,c_pad/products/201807/5b5fc22e9933f.jpg",Murphy - Tortoise,$39.95
https://www.glassesshop.com/eyeglasses/fp1746,"https://glassesshop-res.cloudinary.com/w_800,h_400,c_pad/products/201811/5bebc0387547c.jpg",Murphy - Black,$39.95
https://www.glassesshop.com/eyeglasses/fz1207,"https://glassesshop-res.cloudinary.com/w_800,h_400,c_pad/products/201807/5b4c5f5d54841.jpg",Pete - Tortoise,$29.95
https://www.glassesshop.com/eyeglasses/fp1662,"https://glassesshop-res.cloudinary.com/w_800,h_400,c_pad/products/201806/5b10dff1e3d4d.jpg",Earl - Black/Crystal,$19.95
https://www.glassesshop.com/eyeglasses/fp1675,"https://glassesshop-res.cloudinary.com/w_800,h_400,c_pad/products/201806/5b10e0e979ef0.jpg",Dillon - Gray,$24.95
https://www.glassesshop.com/eyeglasses/fp1694,"https://glassesshop-res.cloudinary.com/w_800,h_400,c_pad/products/201805/5b03be967b506.jpg",Lexingto - Clear Pattern,$19.95
https://www.glassesshop.com/eyeglasses/fp1697,"https://glassesshop-res.cloudinary.com/w_800,h_400,c_pad/products/201805/5b03beaa13479.jpg",Novia - Black/Crystal,$19.95
https://www.glassesshop.com/eyeglasses/fp1642,"https://glassesshop-res.cloudinary.com/w_800,h_400,c_pad/products/201910/5db26823a6070.jpg",Isaiah - Blue,$19.95
https://www.glassesshop.com/eyeglasses/fp1508,"https://glassesshop-res.cloudinary.com/w_800,h_400,c_pad/products/201807/5b3b102ed9395.jpg",Bruno - Black,"
                                        "
https://www.glassesshop.com/eyeglasses/sm0787,"https://glassesshop-res.cloudinary.com/w_800,h_400,c_pad/products/201811/5bff5bf283882.jpg",Darcy - Black,$19.95
https://www.glassesshop.com/eyeglasses/fp1456,"https://glassesshop-res.cloudinary.com/w_800,h_400,c_pad/products/201909/5d8d74c323898.jpg",Zoe - Black/Purple,$19.95
https://www.glassesshop.com/eyeglasses/fz1094,"https://glassesshop-res.cloudinary.com/w_800,h_400,c_pad/products/201811/5bff5bf27139c.jpg",Buckeye - Pink,$29.95
https://www.glassesshop.com/eyeglasses/fz1090,"https://glassesshop-res.cloudinary.com/w_800,h_400,c_pad/products/201710/59e01c58d5a53.jpg",Mandy - Black,$29.95
https://www.glassesshop.com/eyeglasses/fp1326,"https://glassesshop-res.cloudinary.com/w_800,h_400,c_pad/products/201705/5912aaac54269.jpg",West - Black,$19.95
url,img_url,name,price
https://www.glassesshop.com/eyeglasses/fz1370,"https://glassesshop-res.cloudinary.com/w_800,h_400,c_pad/products/201907/5d268bd88f69a.jpg",Maltz - Pink Tortoise,$29.95
https://www.glassesshop.com/eyeglasses/fm1387,"https://glassesshop-res.cloudinary.com/w_800,h_400,c_pad/products/201906/5d031896311f6.jpg",Celia - Rose Gold,$19.95
https://www.glassesshop.com/eyeglasses/fm1385,"https://glassesshop-res.cloudinary.com/w_800,h_400,c_pad/products/201906/5d031896295ff.jpg",Celestia - Black/Golden,$19.95
https://www.glassesshop.com/eyeglasses/fp1903,"https://glassesshop-res.cloudinary.com/w_800,h_400,c_pad/products/201905/5ce3ad100f3fe.jpg",Jinbee - Brown/Multicolor,$19.95
https://www.glassesshop.com/eyeglasses/fz1297,"https://glassesshop-res.cloudinary.com/w_800,h_400,c_pad/products/201901/5c3403881a8fe.jpg",Hume - Tortoise/Brown,$29.95
,,,
https://www.glassesshop.com/eyeglasses/fz1268,"https://glassesshop-res.cloudinary.com/w_800,h_400,c_pad/products/201810/5bbc509cc7c07.jpg",Genevieve - Tortoise,$34.95
https://www.glassesshop.com/eyeglasses/fz1208,"https://glassesshop-res.cloudinary.com/w_800,h_400,c_pad/products/201807/5b4c5f6565a61.jpg",Pete - Crystal,$39.95
https://www.glassesshop.com/eyeglasses/fp1649,"https://glassesshop-res.cloudinary.com/w_800,h_400,c_pad/products/201908/5d4d18d0e18b7.jpg",Owen - Blue/Crystal,$19.95
https://www.glassesshop.com/eyeglasses/fm1271,"https://glassesshop-res.cloudinary.com/w_800,h_400,c_pad/products/201807/5b4c4d7b98167.jpg",Omar - Gunmetal,$19.95
https://www.glassesshop.com/eyeglasses/fp1281,"https://glassesshop-res.cloudinary.com/w_800,h_400,c_pad/products/201701/587f15a44801d.jpg",Wood - Crystal/Tortoise,$29.95
https://www.glassesshop.com/eyeglasses/fp1643,"https://glassesshop-res.cloudinary.com/w_800,h_400,c_pad/products/201805/5afe7e88af2fc.jpg",Isaiah - Tortoise,$19.95
https://www.glassesshop.com/eyeglasses/fz1088,"https://glassesshop-res.cloudinary.com/w_800,h_400,c_pad/products/201805/5af25c0791bb4.jpg",Mandy - Crystal,$29.95
https://www.glassesshop.com/eyeglasses/fz1320,"https://glassesshop-res.cloudinary.com/w_800,h_400,c_pad/products/201906/5cf8ca4eb5fb5.jpg",Vogt - Multicolor,$29.95
https://www.glassesshop.com/eyeglasses/fp1831,"https://glassesshop-res.cloudinary.com/w_800,h_400,c_pad/products/201904/5cb69b5102348.jpg",Tacab - Gray,$19.95
https://www.glassesshop.com/eyeglasses/fm1354,"https://glassesshop-res.cloudinary.com/w_800,h_400,c_pad/products/201812/5c2436744ec7f.jpg",Haywood - Black/Rose Gold,$29.95
https://www.glassesshop.com/eyeglasses/fp1568,"https://glassesshop-res.cloudinary.com/w_800,h_400,c_pad/products/201803/5ab495a47a944.jpg",Cooksville - Tortoise,$24.95
https://www.glassesshop.com/eyeglasses/fp1935,"https://glassesshop-res.cloudinary.com/w_800,h_400,c_pad/products/201908/5d4d19331a49d.jpg",Lizzie - Black/Silver,$24.95
https://www.glassesshop.com/eyeglasses/fz1375,"https://glassesshop-res.cloudinary.com/w_800,h_400,c_pad/products/201907/5d2d2660a22b3.jpg",Bobosa - Pink/Tortoise,$29.95
https://www.glassesshop.com/eyeglasses/fz1269,"https://glassesshop-res.cloudinary.com/w_800,h_400,c_pad/products/201810/5bbc509cca408.jpg",Genevieve - Purple Tortoise,$34.95
https://www.glassesshop.com/eyeglasses/fm1017,"https://glassesshop-res.cloudinary.com/w_800,h_400,c_pad/products/201805/5af13c7ed9208.jpg",Brunswick - Black,$29.95
https://www.glassesshop.com/eyeglasses/fp0611,"https://glassesshop-res.cloudinary.com/w_800,h_400,c_pad/products/201703/58dcb60839138.jpg",Sudbury - Black,"
                                        "
https://www.glassesshop.com/eyeglasses/fz1358,"https://glassesshop-res.cloudinary.com/w_800,h_400,c_pad/products/201907/5d1dad7e8b665.jpg",Milne - Crystal,$29.95
https://www.glassesshop.com/eyeglasses/fp1828,"https://glassesshop-res.cloudinary.com/w_800,h_400,c_pad/products/201904/5cb69b42234af.jpg",Averies - Pink,$19.95
https://www.glassesshop.com/eyeglasses/fp1841,"https://glassesshop-res.cloudinary.com/w_800,h_400,c_pad/products/201904/5cb69b512d7b0.jpg",Buttler - Black,$19.95
https://www.glassesshop.com/eyeglasses/fz1298,"https://glassesshop-res.cloudinary.com/w_800,h_400,c_pad/products/201901/5c3403881d955.jpg",Hume - Brown/Crystal,$29.95
https://www.glassesshop.com/eyeglasses/sm0876,"https://glassesshop-res.cloudinary.com/w_800,h_400,c_pad/products/201812/5c24368513a4f.jpg",Horatio - Gunmetal,$19.95
https://www.glassesshop.com/eyeglasses/fp1765,"https://glassesshop-res.cloudinary.com/w_800,h_400,c_pad/products/201808/5b7e0ee299d9f.jpg",Audrey - Black,$24.95
https://www.glassesshop.com/eyeglasses/fp1764,"https://glassesshop-res.cloudinary.com/w_800,h_400,c_pad/products/201808/5b7e0ee2975f3.jpg",Arlene - Purple,$24.95
https://www.glassesshop.com/eyeglasses/fp1762,"https://glassesshop-res.cloudinary.com/w_800,h_400,c_pad/products/201808/5b7e0ee291eff.jpg",Arlene - Black,$24.95
https://www.glassesshop.com/eyeglasses/fp1727,"https://glassesshop-res.cloudinary.com/w_800,h_400,c_pad/products/201807/5b3dcff30c19c.jpg",Dove - Tortoise,$34.95
https://www.glassesshop.com/eyeglasses/fp1718,"https://glassesshop-res.cloudinary.com/w_800,h_400,c_pad/products/201805/5b03bc7688e76.jpg",Jean - Tortoise,$19.95
https://www.glassesshop.com/eyeglasses/fp1661,"https://glassesshop-res.cloudinary.com/w_800,h_400,c_pad/products/201805/5af16009d7b28.jpg",Derrick - Black/Golden,$24.95
https://www.glassesshop.com/eyeglasses/fp1560,"https://glassesshop-res.cloudinary.com/w_800,h_400,c_pad/products/201801/5a6581ecbd7f1.jpg",Buffalo - Black,$24.95
https://www.glassesshop.com/eyeglasses/fp1504,"https://glassesshop-res.cloudinary.com/w_800,h_400,c_pad/products/201712/5a2f936dd2b85.jpg",Joyce - Brown,$12.95
https://www.glassesshop.com/eyeglasses/fp1457,"https://glassesshop-res.cloudinary.com/w_800,h_400,c_pad/products/201711/59fd65025f7ef.jpg",Zoe - Purple,$19.95
https://www.glassesshop.com/eyeglasses/fp1364,"https://glassesshop-res.cloudinary.com/w_800,h_400,c_pad/products/201808/5b873cb01e9f7.jpg",Evansville - Blue,$19.95
https://www.glassesshop.com/eyeglasses/sup0711,"https://glassesshop-res.cloudinary.com/w_800,h_400,c_pad/products/201907/5d268bd89da12.jpg",Marlowe - Rose Gold,$19.95
https://www.glassesshop.com/eyeglasses/fp1913,"https://glassesshop-res.cloudinary.com/w_800,h_400,c_pad/products/201906/5d0318964c8a2.jpg",Cecilia - Black/Red,$29.95
https://www.glassesshop.com/eyeglasses/sup0700,"https://glassesshop-res.cloudinary.com/w_800,h_400,c_pad/products/201906/5cff70bbe91a2.jpg",Nodia - Black,$29.95
https://www.glassesshop.com/eyeglasses/fp1902,"https://glassesshop-res.cloudinary.com/w_800,h_400,c_pad/products/201905/5ce3acf5d8bc6.jpg",Jinbee - Black/Multicolor,$19.95
https://www.glassesshop.com/eyeglasses/sup0677,"https://glassesshop-res.cloudinary.com/w_800,h_400,c_pad/products/201905/5cd397d084be6.jpg",Rusa - Purple,$19.95
https://www.glassesshop.com/eyeglasses/sm0885,"https://glassesshop-res.cloudinary.com/w_800,h_400,c_pad/products/201905/5cdcb3e76ce02.jpg",Sherwood - Gunmetal,$29.95
https://www.glassesshop.com/eyeglasses/fp1834,"https://glassesshop-res.cloudinary.com/w_800,h_400,c_pad/products/201904/5cb69b510ef0c.jpg",Tacab - Purple,"
                                        "
https://www.glassesshop.com/eyeglasses/fp1832,"https://glassesshop-res.cloudinary.com/w_800,h_400,c_pad/products/201904/5cb69b5107170.jpg",Tacab - Red,$19.95
https://www.glassesshop.com/eyeglasses/fp1830,"https://glassesshop-res.cloudinary.com/w_800,h_400,c_pad/products/201904/5cb69b4231106.jpg",Averies - Mblack,$19.95
https://www.glassesshop.com/eyeglasses/fp1812,"https://glassesshop-res.cloudinary.com/w_800,h_400,c_pad/products/201910/5db296d9b7131.jpg",Binghamton - Brown,"
                                        "
https://www.glassesshop.com/eyeglasses/fp1774,"https://glassesshop-res.cloudinary.com/w_800,h_400,c_pad/products/201809/5bac31dd1cca8.jpg",Winchester - Black,$19.95
https://www.glassesshop.com/eyeglasses/fp1773,"https://glassesshop-res.cloudinary.com/w_800,h_400,c_pad/products/201809/5bac31dd1a36c.jpg",Winchester - Blue,$19.95
https://www.glassesshop.com/eyeglasses/fp1771,"https://glassesshop-res.cloudinary.com/w_800,h_400,c_pad/products/201809/5bac31dd1506f.jpg",Winchester - MBlack,"
                                        "
https://www.glassesshop.com/eyeglasses/fp1770,"https://glassesshop-res.cloudinary.com/w_800,h_400,c_pad/products/201809/5bac31dd12811.jpg",Winchester - Tortoise,$19.95
https://www.glassesshop.com/eyeglasses/fp1758,"https://glassesshop-res.cloudinary.com/w_800,h_400,c_pad/products/201807/5b5fdc2d6f460.jpg",Nathan - Black,$29.95
https://www.glassesshop.com/eyeglasses/fp1747,"https://glassesshop-res.cloudinary.com/w_800,h_400,c_pad/products/201807/5b5fc22e9933f.jpg",Murphy - Tortoise,$39.95
https://www.glassesshop.com/eyeglasses/fp1746,"https://glassesshop-res.cloudinary.com/w_800,h_400,c_pad/products/201811/5bebc0387547c.jpg",Murphy - Black,$39.95
https://www.glassesshop.com/eyeglasses/fz1207,"https://glassesshop-res.cloudinary.com/w_800,h_400,c_pad/products/201807/5b4c5f5d54841.jpg",Pete - Tortoise,$29.95
https://www.glassesshop.com/eyeglasses/fp1662,"https://glassesshop-res.cloudinary.com/w_800,h_400,c_pad/products/201806/5b10dff1e3d4d.jpg",Earl - Black/Crystal,$19.95
https://www.glassesshop.com/eyeglasses/fp1675,"https://glassesshop-res.cloudinary.com/w_800,h_400,c_pad/products/201806/5b10e0e979ef0.jpg",Dillon - Gray,$24.95
https://www.glassesshop.com/eyeglasses/fp1694,"https://glassesshop-res.cloudinary.com/w_800,h_400,c_pad/products/201805/5b03be967b506.jpg",Lexingto - Clear Pattern,$19.95
https://www.glassesshop.com/eyeglasses/fp1697,"https://glassesshop-res.cloudinary.com/w_800,h_400,c_pad/products/201805/5b03beaa13479.jpg",Novia - Black/Crystal,$19.95
https://www.glassesshop.com/eyeglasses/fp1642,"https://glassesshop-res.cloudinary.com/w_800,h_400,c_pad/products/201910/5db26823a6070.jpg",Isaiah - Blue,$19.95
https://www.glassesshop.com/eyeglasses/fp1508,"https://glassesshop-res.cloudinary.com/w_800,h_400,c_pad/products/201807/5b3b102ed9395.jpg",Bruno - Black,"
                                        "
https://www.glassesshop.com/eyeglasses/sm0787,"https://glassesshop-res.cloudinary.com/w_800,h_400,c_pad/products/201811/5bff5bf283882.jpg",Darcy - Black,$19.95
https://www.glassesshop.com/eyeglasses/fp1456,"https://glassesshop-res.cloudinary.com/w_800,h_400,c_pad/products/201909/5d8d74c323898.jpg",Zoe - Black/Purple,$19.95
https://www.glassesshop.com/eyeglasses/fz1094,"https://glassesshop-res.cloudinary.com/w_800,h_400,c_pad/products/201811/5bff5bf27139c.jpg",Buckeye - Pink,$29.95
https://www.glassesshop.com/eyeglasses/fz1090,"https://glassesshop-res.cloudinary.com/w_800,h_400,c_pad/products/201710/59e01c58d5a53.jpg",Mandy - Black,$29.95
https://www.glassesshop.com/eyeglasses/fp1326,"https://glassesshop-res.cloudinary.com/w_800,h_400,c_pad/products/201705/5912aaac54269.jpg",West - Black,$19.95
url,img_url,name,price
https://www.glassesshop.com/eyeglasses/fz1370,"https://glassesshop-res.cloudinary.com/w_800,h_400,c_pad/products/201907/5d268bd88f69a.jpg",Maltz - Pink Tortoise,$29.95
https://www.glassesshop.com/eyeglasses/fm1387,"https://glassesshop-res.cloudinary.com/w_800,h_400,c_pad/products/201906/5d031896311f6.jpg",Celia - Rose Gold,$19.95
https://www.glassesshop.com/eyeglasses/fm1385,"https://glassesshop-res.cloudinary.com/w_800,h_400,c_pad/products/201906/5d031896295ff.jpg",Celestia - Black/Golden,$19.95
https://www.glassesshop.com/eyeglasses/fp1903,"https://glassesshop-res.cloudinary.com/w_800,h_400,c_pad/products/201905/5ce3ad100f3fe.jpg",Jinbee - Brown/Multicolor,$19.95
https://www.glassesshop.com/eyeglasses/fz1297,"https://glassesshop-res.cloudinary.com/w_800,h_400,c_pad/products/201901/5c3403881a8fe.jpg",Hume - Tortoise/Brown,$29.95
,,,
https://www.glassesshop.com/eyeglasses/fz1268,"https://glassesshop-res.cloudinary.com/w_800,h_400,c_pad/products/201810/5bbc509cc7c07.jpg",Genevieve - Tortoise,$34.95
https://www.glassesshop.com/eyeglasses/fz1208,"https://glassesshop-res.cloudinary.com/w_800,h_400,c_pad/products/201807/5b4c5f6565a61.jpg",Pete - Crystal,$39.95
https://www.glassesshop.com/eyeglasses/fp1649,"https://glassesshop-res.cloudinary.com/w_800,h_400,c_pad/products/201908/5d4d18d0e18b7.jpg",Owen - Blue/Crystal,$19.95
https://www.glassesshop.com/eyeglasses/fm1271,"https://glassesshop-res.cloudinary.com/w_800,h_400,c_pad/products/201807/5b4c4d7b98167.jpg",Omar - Gunmetal,$19.95
https://www.glassesshop.com/eyeglasses/fp1281,"https://glassesshop-res.cloudinary.com/w_800,h_400,c_pad/products/201701/587f15a44801d.jpg",Wood - Crystal/Tortoise,$29.95
https://www.glassesshop.com/eyeglasses/fp1643,"https://glassesshop-res.cloudinary.com/w_800,h_400,c_pad/products/201805/5afe7e88af2fc.jpg",Isaiah - Tortoise,$19.95
https://www.glassesshop.com/eyeglasses/fz1088,"https://glassesshop-res.cloudinary.com/w_800,h_400,c_pad/products/201805/5af25c0791bb4.jpg",Mandy - Crystal,$29.95
https://www.glassesshop.com/eyeglasses/fz1320,"https://glassesshop-res.cloudinary.com/w_800,h_400,c_pad/products/201906/5cf8ca4eb5fb5.jpg",Vogt - Multicolor,$29.95
https://www.glassesshop.com/eyeglasses/fp1831,"https://glassesshop-res.cloudinary.com/w_800,h_400,c_pad/products/201904/5cb69b5102348.jpg",Tacab - Gray,$19.95
https://www.glassesshop.com/eyeglasses/fm1354,"https://glassesshop-res.cloudinary.com/w_800,h_400,c_pad/products/201812/5c2436744ec7f.jpg",Haywood - Black/Rose Gold,$29.95
https://www.glassesshop.com/eyeglasses/fp1568,"https://glassesshop-res.cloudinary.com/w_800,h_400,c_pad/products/201803/5ab495a47a944.jpg",Cooksville - Tortoise,$24.95
https://www.glassesshop.com/eyeglasses/fp1935,"https://glassesshop-res.cloudinary.com/w_800,h_400,c_pad/products/201908/5d4d19331a49d.jpg",Lizzie - Black/Silver,$24.95
https://www.glassesshop.com/eyeglasses/fz1375,"https://glassesshop-res.cloudinary.com/w_800,h_400,c_pad/products/201907/5d2d2660a22b3.jpg",Bobosa - Pink/Tortoise,$29.95
https://www.glassesshop.com/eyeglasses/fz1269,"https://glassesshop-res.cloudinary.com/w_800,h_400,c_pad/products/201810/5bbc509cca408.jpg",Genevieve - Purple Tortoise,$34.95
https://www.glassesshop.com/eyeglasses/fm1017,"https://glassesshop-res.cloudinary.com/w_800,h_400,c_pad/products/201805/5af13c7ed9208.jpg",Brunswick - Black,$29.95
https://www.glassesshop.com/eyeglasses/fp0611,"https://glassesshop-res.cloudinary.com/w_800,h_400,c_pad/products/201703/58dcb60839138.jpg",Sudbury - Black,"
                                        "
https://www.glassesshop.com/eyeglasses/fz1358,"https://glassesshop-res.cloudinary.com/w_800,h_400,c_pad/products/201907/5d1dad7e8b665.jpg",Milne - Crystal,$29.95
https://www.glassesshop.com/eyeglasses/fp1828,"https://glassesshop-res.cloudinary.com/w_800,h_400,c_pad/products/201904/5cb69b42234af.jpg",Averies - Pink,$19.95
https://www.glassesshop.com/eyeglasses/fp1841,"https://glassesshop-res.cloudinary.com/w_800,h_400,c_pad/products/201904/5cb69b512d7b0.jpg",Buttler - Black,$19.95
https://www.glassesshop.com/eyeglasses/fz1298,"https://glassesshop-res.cloudinary.com/w_800,h_400,c_pad/products/201901/5c3403881d955.jpg",Hume - Brown/Crystal,$29.95
https://www.glassesshop.com/eyeglasses/sm0876,"https://glassesshop-res.cloudinary.com/w_800,h_400,c_pad/products/201812/5c24368513a4f.jpg",Horatio - Gunmetal,$19.95
https://www.glassesshop.com/eyeglasses/fp1765,"https://glassesshop-res.cloudinary.com/w_800,h_400,c_pad/products/201808/5b7e0ee299d9f.jpg",Audrey - Black,$24.95
https://www.glassesshop.com/eyeglasses/fp1764,"https://glassesshop-res.cloudinary.com/w_800,h_400,c_pad/products/201808/5b7e0ee2975f3.jpg",Arlene - Purple,$24.95
https://www.glassesshop.com/eyeglasses/fp1762,"https://glassesshop-res.cloudinary.com/w_800,h_400,c_pad/products/201808/5b7e0ee291eff.jpg",Arlene - Black,$24.95
https://www.glassesshop.com/eyeglasses/fp1727,"https://glassesshop-res.cloudinary.com/w_800,h_400,c_pad/products/201807/5b3dcff30c19c.jpg",Dove - Tortoise,$34.95
https://www.glassesshop.com/eyeglasses/fp1718,"https://glassesshop-res.cloudinary.com/w_800,h_400,c_pad/products/201805/5b03bc7688e76.jpg",Jean - Tortoise,$19.95
https://www.glassesshop.com/eyeglasses/fp1661,"https://glassesshop-res.cloudinary.com/w_800,h_400,c_pad/products/201805/5af16009d7b28.jpg",Derrick - Black/Golden,$24.95
https://www.glassesshop.com/eyeglasses/fp1560,"https://glassesshop-res.cloudinary.com/w_800,h_400,c_pad/products/201801/5a6581ecbd7f1.jpg",Buffalo - Black,$24.95
https://www.glassesshop.com/eyeglasses/fp1504,"https://glassesshop-res.cloudinary.com/w_800,h_400,c_pad/products/201712/5a2f936dd2b85.jpg",Joyce - Brown,$12.95
https://www.glassesshop.com/eyeglasses/fp1457,"https://glassesshop-res.cloudinary.com/w_800,h_400,c_pad/products/201711/59fd65025f7ef.jpg",Zoe - Purple,$19.95
https://www.glassesshop.com/eyeglasses/fp1364,"https://glassesshop-res.cloudinary.com/w_800,h_400,c_pad/products/201808/5b873cb01e9f7.jpg",Evansville - Blue,$19.95
https://www.glassesshop.com/eyeglasses/sup0711,"https://glassesshop-res.cloudinary.com/w_800,h_400,c_pad/products/201907/5d268bd89da12.jpg",Marlowe - Rose Gold,$19.95
https://www.glassesshop.com/eyeglasses/fp1913,"https://glassesshop-res.cloudinary.com/w_800,h_400,c_pad/products/201906/5d0318964c8a2.jpg",Cecilia - Black/Red,$29.95
https://www.glassesshop.com/eyeglasses/sup0700,"https://glassesshop-res.cloudinary.com/w_800,h_400,c_pad/products/201906/5cff70bbe91a2.jpg",Nodia - Black,$29.95
https://www.glassesshop.com/eyeglasses/fp1902,"https://glassesshop-res.cloudinary.com/w_800,h_400,c_pad/products/201905/5ce3acf5d8bc6.jpg",Jinbee - Black/Multicolor,$19.95
https://www.glassesshop.com/eyeglasses/sup0677,"https://glassesshop-res.cloudinary.com/w_800,h_400,c_pad/products/201905/5cd397d084be6.jpg",Rusa - Purple,$19.95
https://www.glassesshop.com/eyeglasses/sm0885,"https://glassesshop-res.cloudinary.com/w_800,h_400,c_pad/products/201905/5cdcb3e76ce02.jpg",Sherwood - Gunmetal,$29.95
https://www.glassesshop.com/eyeglasses/fp1834,"https://glassesshop-res.cloudinary.com/w_800,h_400,c_pad/products/201904/5cb69b510ef0c.jpg",Tacab - Purple,"
                                        "
https://www.glassesshop.com/eyeglasses/fp1832,"https://glassesshop-res.cloudinary.com/w_800,h_400,c_pad/products/201904/5cb69b5107170.jpg",Tacab - Red,$19.95
https://www.glassesshop.com/eyeglasses/fp1830,"https://glassesshop-res.cloudinary.com/w_800,h_400,c_pad/products/201904/5cb69b4231106.jpg",Averies - Mblack,$19.95
https://www.glassesshop.com/eyeglasses/fp1812,"https://glassesshop-res.cloudinary.com/w_800,h_400,c_pad/products/201910/5db296d9b7131.jpg",Binghamton - Brown,"
                                        "
https://www.glassesshop.com/eyeglasses/fp1774,"https://glassesshop-res.cloudinary.com/w_800,h_400,c_pad/products/201809/5bac31dd1cca8.jpg",Winchester - Black,$19.95
https://www.glassesshop.com/eyeglasses/fp1773,"https://glassesshop-res.cloudinary.com/w_800,h_400,c_pad/products/201809/5bac31dd1a36c.jpg",Winchester - Blue,$19.95
https://www.glassesshop.com/eyeglasses/fp1771,"https://glassesshop-res.cloudinary.com/w_800,h_400,c_pad/products/201809/5bac31dd1506f.jpg",Winchester - MBlack,"
                                        "
https://www.glassesshop.com/eyeglasses/fp1770,"https://glassesshop-res.cloudinary.com/w_800,h_400,c_pad/products/201809/5bac31dd12811.jpg",Winchester - Tortoise,$19.95
https://www.glassesshop.com/eyeglasses/fp1758,"https://glassesshop-res.cloudinary.com/w_800,h_400,c_pad/products/201807/5b5fdc2d6f460.jpg",Nathan - Black,$29.95
https://www.glassesshop.com/eyeglasses/fp1747,"https://glassesshop-res.cloudinary.com/w_800,h_400,c_pad/products/201807/5b5fc22e9933f.jpg",Murphy - Tortoise,$39.95
https://www.glassesshop.com/eyeglasses/fp1746,"https://glassesshop-res.cloudinary.com/w_800,h_400,c_pad/products/201811/5bebc0387547c.jpg",Murphy - Black,$39.95
https://www.glassesshop.com/eyeglasses/fz1207,"https://glassesshop-res.cloudinary.com/w_800,h_400,c_pad/products/201807/5b4c5f5d54841.jpg",Pete - Tortoise,$29.95
https://www.glassesshop.com/eyeglasses/fp1662,"https://glassesshop-res.cloudinary.com/w_800,h_400,c_pad/products/201806/5b10dff1e3d4d.jpg",Earl - Black/Crystal,$19.95
https://www.glassesshop.com/eyeglasses/fp1675,"https://glassesshop-res.cloudinary.com/w_800,h_400,c_pad/products/201806/5b10e0e979ef0.jpg",Dillon - Gray,$24.95
https://www.glassesshop.com/eyeglasses/fp1694,"https://glassesshop-res.cloudinary.com/w_800,h_400,c_pad/products/201805/5b03be967b506.jpg",Lexingto - Clear Pattern,$19.95
https://www.glassesshop.com/eyeglasses/fp1697,"https://glassesshop-res.cloudinary.com/w_800,h_400,c_pad/products/201805/5b03beaa13479.jpg",Novia - Black/Crystal,$19.95
https://www.glassesshop.com/eyeglasses/fp1642,"https://glassesshop-res.cloudinary.com/w_800,h_400,c_pad/products/201910/5db26823a6070.jpg",Isaiah - Blue,$19.95
https://www.glassesshop.com/eyeglasses/fp1508,"https://glassesshop-res.cloudinary.com/w_800,h_400,c_pad/products/201807/5b3b102ed9395.jpg",Bruno - Black,"
                                        "
https://www.glassesshop.com/eyeglasses/sm0787,"https://glassesshop-res.cloudinary.com/w_800,h_400,c_pad/products/201811/5bff5bf283882.jpg",Darcy - Black,$19.95
https://www.glassesshop.com/eyeglasses/fp1456,"https://glassesshop-res.cloudinary.com/w_800,h_400,c_pad/products/201909/5d8d74c323898.jpg",Zoe - Black/Purple,$19.95
https://www.glassesshop.com/eyeglasses/fz1094,"https://glassesshop-res.cloudinary.com/w_800,h_400,c_pad/products/201811/5bff5bf27139c.jpg",Buckeye - Pink,$29.95
https://www.glassesshop.com/eyeglasses/fz1090,"https://glassesshop-res.cloudinary.com/w_800,h_400,c_pad/products/201710/59e01c58d5a53.jpg",Mandy - Black,$29.95
https://www.glassesshop.com/eyeglasses/fp1326,"https://glassesshop-res.cloudinary.com/w_800,h_400,c_pad/products/201705/5912aaac54269.jpg",West - Black,$19.95
